"Program Title","Organizer","Program Description","Type","Funding Model","Funding Amount/Prize Amount","Estimated Deadline Date","Deadline Kind","Next Deadline","Recurring","Eligibility Label","Geography","Industry","Founder Stage","Best For","Student Startup Fit","Priority Tier","UCSD Run","Eligibility","Website link","Status","Show on Website"
"UCSD von Liebig Proof of Concept (POC) Grant","UC San Diego","Provides up to $50,000 in non-dilutive funding to UCSD researchers, students, and faculty to validate early-stage technologies for commercial development. Includes mentorship, workshops, and investor connections.","Grant","Non-dilutive","Up to $50","2027-01-31","rolling","Next annual cycle (2027)","year round","UCSD-affiliated / Student-only / Research / academic","UCSD only","Healthcare / life sciences","Idea","Research spinout","Excellent","Tier 1","checked","UCSD affiliation
technology with commercial potential
proposal required
LifeSci,Medtech,Software,Tech
UCSD, non-dilutive, POC, research commercialization, La Jolla, deep tech","https://vonliebig.ucsd.edu/","Not Active",""
"Invent@UCSD Startup & IP Commercialization Support","UC San Diego","Provides UCSD faculty, researchers, and students with IP protection, licensing assistance, startup formation guidance, and connections to investors and industry. Hosts Tech Ventures program and manages invention disclosures.","Grant","Non-dilutive","Free services: IP filings subsidized; startup legal and licensing support","2026-11-28","rolling","Rolling; next cycle when open","year round","UCSD-affiliated / Student-only / Research / academic","UCSD only","Healthcare / life sciences","Traction","Research spinout","Excellent","Tier 1","checked","Active – Rolling
LifeSci,Medtech,Software,Tech
Sole UCSD office managing IP licensing and spinout creation
critical first step for any UCSD-based commercial innovation — manages hundreds of active licenses annually","https://invent.ucsd.edu/","Not Active",""
"UCSD Rady School of Management, Sullivan Center for Entrepreneurship and Innovation","UC San Diego","MBA and student entrepreneurship programs including StartR Accelerator 1/2, Lean lecture series, mentor network, investor connections, and business plan competitions. Provides curriculum, co-working space, and access to Rady alumni investors.","Accelerator","Non-dilutive","Competition prizes vary; mentor network; investor introductions","2026-11-28","rolling","Rolling; next cycle when open","annual","UCSD-affiliated / Student-only / Student + alumni","UCSD only","All industries","Traction","Networking / support","Excellent","Tier 1","checked","Active – Annual
Industry Agnostic
Hub for all UCSD business school entrepreneurship
critical for UCSD founders needing business co-founders or MBA-level support","https://rady.ucsd.edu/why/centers/sullivan/programs/launch.html","Active","checked"
"UCSD Design Lab Innovation Programs","UC San Diego","Human-centered design studio providing co-working space, design thinking workshops, and project support for UCSD innovators. Partners with industry on sponsored projects. Connects designers and engineers with entrepreneurship resources.","Incubator","Non-cash support","Free access to co-working space, workshops, and design mentors","2026-11-28","rolling","Rolling; next cycle when open","year round","UCSD-affiliated / Research / academic","UCSD only","Social impact","Any stage","Research spinout","Strong","Tier 2","checked","Active – Rolling
Social Enterprise,Software
Bridges UCSD engineering, social sciences, and business via human-centered design
essential for product-focused startups building hardware or consumer tech","https://designlab.ucsd.edu/","Active","checked"
"Calit2 / Qualcomm Institute UCSD Startup Resources","UC San Diego","Provides UCSD researchers and startups access to advanced fabrication labs, prototyping facilities, computing resources, and industry connections. Supports deep tech commercialization in wireless, telecom, IoT, AI, and digital media.","Incubator","Non-cash support","Subsidized fabrication lab; pilot project funding varies by sponsor","2026-11-28","rolling","Rolling; next cycle when open","year round","UCSD-affiliated / Research / academic","UCSD only","Engineering / technology","Prototype","Research spinout","Excellent","Tier 1","checked","Active – Rolling
Artificial Intelligence,Tech
Leverages Qualcomm partnership for wireless/telecom startups
unique access to advanced fabrication labs
critical for hardware prototyping at UCSD","https://qi.ucsd.edu/","Active","checked"
"UCSD TRELS Undergraduate Research Funding","UC San Diego","Funding for UCSD undergraduate students to conduct research including entrepreneurship-related projects. Small grants support thesis work, early-stage innovation projects, and experiential learning tied to faculty mentors.","Grant","Non-dilutive","Typically $1,000–$5,000 per student per cycle","2026-12-31","expected","Next quarterly cycle (Q4 2026 or next window)","quarterly","UCSD-affiliated / Student-only / Research / academic","UCSD only","All industries","Idea","Research spinout","Excellent","Tier 1","checked","Active – Annual (quarterly cycles)
Industry Agnostic
Entry-level funding for UCSD undergrads exploring entrepreneurship through research
no prior startup experience needed
ideal first grant for idea-stage student founders","https://ugresearch.ucsd.edu/research-programs/trels/","Not Active",""
"UCSD Gordon Center for Engineering Leadership Programs","UC San Diego","Develops next-generation engineering leaders through curriculum, industry projects, and leadership development. Hosts entrepreneurship workshops, design competitions, and connects engineering students to venture resources and industry mentors.","Grant","Non-dilutive","Project stipends and competition prizes available; curriculum access","2026-11-28","rolling","Rolling; next cycle when open","year round","UCSD-affiliated / Student-only","UCSD only","Engineering / technology","Any stage","Hardware / prototype","Excellent","Tier 1","checked","Active – Rolling
Robotics & Autonomous Systems,Tech
Develops engineering-trained founders with business acumen
unique bridge between Jacobs School and entrepreneurship resources including von Liebig","https://gordonengineering.ucsd.edu/","Not Active",""
"UCSD Global TIES Social Innovation Program","UC San Diego","Student organization connecting UCSD students with international development challenges. Runs social innovation projects with real-world community partners. Provides mentoring and small project grants for social entrepreneurs.","Grant","Non-dilutive","Typically $500–$3,000 for project development","2027-01-31","expected","Next annual cycle (2027)","annual","UCSD-affiliated / Student-only / Open to all / Regional / local","UCSD only","Climate / energy","Any stage","Climate / cleantech","Excellent","Tier 1","checked","Active – Annual
Social Enterprise,Sustainability
Unique program connecting UCSD students to global development opportunities
one of few on-campus pathways for social entrepreneurs serving international communities","https://globalties.ucsd.edu/","Website Down",""
"UCSD Student Sustainability Collective (STAC) Grants","UC San Diego","Student-run grant program funding sustainability-focused projects and initiatives at UCSD. Provides small grants for environmental and sustainability work both on campus and in the community. Administered entirely by students.","Grant","Non-dilutive","Typically $500–$10,000","2026-11-28","rolling","Rolling; next cycle when open","quarterly","UCSD-affiliated / Student-only / Regional / local","UCSD only","Climate / energy","Any stage","Climate / cleantech","Excellent","Tier 1","checked","Active – Rolling
Energy,Green Energy,Sustainability
Accessible sustainability funding administered by students for students
fastest and most approachable on-campus grant for early-stage green startups at UCSD","https://studentsustainability.ucsd.edu/green-initiative-fund/index.html","Active","checked"
"UCSD CREATE Social Innovation Programs","UC San Diego","UCSD center supporting educational equity, community engagement, and social innovation. Provides resources, workshops, and small grants for projects addressing educational and social challenges. Supports community-university partnerships.","Grant","Dilutive / equity","Typically $1,000–$10,000 small grants","2026-11-28","rolling","Rolling; next cycle when open","year round","UCSD-affiliated / Research / academic / Regional / local","UCSD only","Social impact","Any stage","Social impact","Excellent","Tier 1","checked","Active – Rolling
EdTech,Social Enterprise
Supports UCSD founders building socially impactful education and community solutions
bridge between UCSD research and San Diego community needs","https://create.ucsd.edu/","Active","checked"
"UCSD Center for Microbiome Innovation (CMI) Startup Resources","UC San Diego","World-leading microbiome research center providing researchers and entrepreneurs access to specialized sequencing, computing, and analytical resources. Supports commercialization of microbiome discoveries through industry partnerships and pilot grant programs.","Grant","Non-dilutive","Access to core sequencing and computing facilities; pilot grants available","2026-11-28","rolling","Rolling; next cycle when open","year round","UCSD-affiliated / Open to all / Research / academic","UCSD only","Healthcare / life sciences","Prototype","Research spinout","Excellent","Tier 1","checked","Active – Rolling
HealthTech,LifeSci,Tech
UCSD is a global leader in microbiome research (Rob Knight Lab)
CMI bridges research to commercial applications in gut health, agriculture, and diagnostics","https://cmi.ucsd.edu/","Active","checked"
"UCSD San Diego Supercomputer Center (SDSC) Startup Computing Resources","UC San Diego","Provides startup companies access to high-performance computing, AI/ML infrastructure, data storage, and cloud resources through ACCESS program allocations and startup partnerships. Enables computationally intensive research and product development at massive scale.","Grant","Non-dilutive","Subsidized or free HPC access via ACCESS program; startup allocations available","2026-11-28","rolling","Rolling; next cycle when open","year round","UCSD-affiliated / Research / academic / Regional / local","UCSD only","Climate / energy","Prototype","Research spinout","Excellent","Tier 1","checked","Active – Rolling
Artificial Intelligence,Data Science,GreenTech,LifeSci,Tech
Supercomputing-scale resources free or low-cost for startups
critical for AI, genomics, climate modeling, and bioinformatics companies emerging from UCSD research","https://www.sdsc.edu/","Active","checked"
"UCSD Health Innovation & MedTech Startup Programs","UC San Diego","UCSD Health runs innovation programs connecting cardiovascular and broader medical researchers with entrepreneurship resources via von Liebig and Invent@UCSD. Clinical pilot funding and physician-entrepreneur mentoring for medtech spinouts.","Grant","Non-dilutive","Varies; clinical site access; co-investigator connections; pilot grants","2026-11-28","rolling","Rolling; next cycle when open","year round","UCSD-affiliated / Research / academic","UCSD only","Healthcare / life sciences","Prototype","Research spinout","Excellent","Tier 1","checked","Active – Rolling
EdTech,HealthTech,LifeSci,Medtech
UCSD Health is a top-ranked academic medical center
direct bridge from clinical discovery to medtech startup
clinical validation access is highly valuable for FDA pathway","https://health.ucsd.edu/","Active","checked"
"CONNECT Springboard Innovation Advising Program","San Diego ecosystem","No-cost flexible advising program for life sciences and hi-tech innovation entrepreneurs ready to scale and connect with capital. Provides customized advisor matching, workshops, and introductions to CONNECT's investor and corporate partner network. Updated January 2026.","Accelerator","Non-dilutive","Free program; customized advisor support; access to investor and partner network","2026-11-28","rolling","Rolling; next cycle when open","year round","Regional / local","San Diego region","Healthcare / life sciences","Traction","Research spinout","Moderate","Tier 3","","Active – Rolling
EdTech,LifeSci,Medtech,Software
CONNECT is San Diego's premier innovation network since 1985
Springboard directly connects founders to the region's top investors and corporate partners at no cost","https://connect.org/springboard/","Active",""
"CONNECT Cool Companies Capital Program","San Diego ecosystem","Annual capital program matching San Diego's top technology and life sciences startups (Series A ready) with institutional venture capital. Since 2015, Cool Companies alumni have secured over $900M in institutional Series A funding. Selective cohort selected by expert panel.","Competition","Dilutive / equity","Free program; direct VC introductions; alumni track record of $900M+ secured","2027-01-31","expected","Next annual cycle (2027)","annual","Student + alumni / Regional / local","San Diego region","Healthcare / life sciences","Traction","Research spinout","Excellent","Tier 1","","Active – Annual
EdTech,LifeSci,Medtech,Software
Most prestigious San Diego program for Series A fundraising
30+ years of CONNECT VC relationships
alumni include many of San Diego's most successful tech and life sciences companies","https://connect.org/cool-companies/","Active","checked"
"San Diego Angel Conference (SDAC)","San Diego ecosystem","Annual student-managed angel investment conference where early-stage startups pitch to SDAC's investor community for funding. Unique educational model where students learn to invest alongside experienced angels. Open to US-based companies across all industries.","Competition","Dilutive / equity","$10K-$250K","2027-01-31","expected","Next annual cycle (2027)","annual","Student-only / Regional / local","San Diego region","Climate / energy","Idea","Climate / cleantech","Excellent","Tier 1","","US-based company
early-stage
able to present at conference
online application required
Artificial Intelligence,Industry Agnostic,Software,Sustainability
San Diego, angel investment, SDSU, competition, early-stage, equity, student-run","https://sdac.sdsu.edu/","Active","checked"
"TCA Venture Group San Diego (formerly Tech Coast Angels)","San Diego ecosystem","Southern California's premier angel investment network with ~400 members and five angel funds. Provides seed, bridge, and early-stage investments of $25,000–$500,000+ to early-stage startups. Has invested in 400+ companies since 1997. San Diego chapter holds regular pitch meetings.","Investment","Dilutive / equity","$25K-$500K","2026-11-28","rolling","Rolling; next cycle when open","year round","Regional / local","San Diego region","All industries","Idea","Networking / support","Moderate","Tier 3","","Active – Rolling
FinTech,LifeSci,Tech
Rolling / Monthly cycles","https://tcaventuregroup.com/","Active",""
"Founder Institute San Diego Cohort","San Diego ecosystem","Idea-to-seed agentic pre-accelerator with structured business-building sprints and world's largest mentor network. San Diego local cohort connects founders with SD-based mentors and VCs.","Accelerator","Non-dilutive","Mentor network + co-founder matching + investor connections + structured curriculum","2026-09-01","confirmed","Next annual cycle (2027)","annual","UCSD-affiliated / Open to all / Research / academic / Regional / local","UCSD only","Software / AI","Idea","Software / digital","Moderate","Tier 3","","Active – Annual cohorts
Food and Beverage,Software
World's largest pre-accelerator
San Diego local cohort with 4,000+ global mentor access
ideal for first-time founders transitioning from UCSD research or employment to startup","https://fi.co/apply/san_diego","Active",""
"Cleantech San Diego & Southern California Energy Innovation Network (SCEIN)","San Diego ecosystem","Member-based nonprofit positioning San Diego as global cleantech leader. Supports entrepreneurs through SCEIN with technical assistance, mentoring, DOE resource connections, and advocacy. 130+ member companies including major corporations and UCSD.","Network","Non-cash support","Free startup membership; SCEIN technical assistance; DOE and NREL connections","2026-11-28","rolling","Rolling; next cycle when open","year round","UCSD-affiliated / Open to all / Regional / local","UCSD only","Climate / energy","Any stage","Climate / cleantech","Moderate","Tier 3","","Active – Rolling
Artificial Intelligence,Energy,GreenTech,Sustainability,Transportation
Primary cleantech hub in San Diego
SCEIN provides DOE-funded technical assistance
130+ member companies offer partnership and pilot customer opportunities for UCSD climate tech","https://cleantechsandiego.org/","Active",""
"San Diego & Imperial SBDC Network (Free Business Consulting)","San Diego ecosystem","SBA-funded network providing free one-on-one business consulting, training workshops, access-to-capital assistance, and technical resources for San Diego startups and small businesses. Specialized advisors cover tech, life sciences, export, government contracting, and manufacturing.","Service","Non-dilutive","Free services; grant/loan navigation; SBIR/STTR application assistance; training workshops","2026-11-28","rolling","Rolling; next cycle when open","year round","UCSD-affiliated / Regional / local","UCSD only","Healthcare / life sciences","Any stage","Software / digital","Moderate","Tier 3","","Active – Rolling
Industry Agnostic
Free expert consulting for UCSD spinouts
best first stop for navigating San Diego resources
SBDC advisors actively help with SBIR applications worth $275K+","https://sdivsbdc.org/","Active",""
"BioCom San Diego Life Sciences Member Resources","San Diego ecosystem","Largest life sciences trade association in Southern California with 1,000+ member companies. Provides advocacy, educational programming, networking, group purchasing savings, and healthcare benefits to biotech, pharma, medical device, diagnostics, and genomics companies of all sizes.","Service","Non-cash support","Startup membership from ~$1,000/year","2026-11-28","rolling","Rolling; next cycle when open","year round","UCSD-affiliated / Regional / local","UCSD only","Healthcare / life sciences","Any stage","Research spinout","Strong","Tier 2","","Active – Rolling
LifeSci,Medtech,Tech
Gateway to San Diego's life sciences ecosystem — 2nd largest biotech cluster in US
UCSD biotech spinouts gain immediate credibility and 1,000-company network through BioCom","https://www.biocom.org/","Active","checked"
"BioCom Venture Hub","San Diego ecosystem","Accelerator program for early-stage San Diego biotech and medtech companies providing intensive mentoring, industry expert connections, investor introductions, and access to the BioCom 1,000+ member network.","Accelerator","Non-dilutive","Free accelerator; mentor matching; investor introductions; BioCom network access","2027-01-31","expected","Next annual cycle (2027)","annual","Regional / local","San Diego region","Healthcare / life sciences","Idea","Research spinout","Strong","Tier 2","","Active – Annual cohorts
EdTech,LifeSci,Medtech,Tech
Direct access to BioCom's massive life sciences network in San Diego's second-largest US biotech cluster
credibility boost for early-stage founders","https://www.biocom.org/programs/funding-partnering/venture-hub/","Active","checked"
"Founders First Capital Partners Revenue-Based Financing","External program","San Diego-based CDFI providing small grants and business development support exclusively to diverse-led startups (women, people of color, LGBTQ+, veterans) with existing revenue. Capital repaid as percentage of future revenue — no equity dilution.","Grant","Dilutive / equity","$1,000 micro-grants","2026-11-28","rolling","Rolling; next cycle when open","year round","UCSD-affiliated / Student + alumni / Regional / local","UCSD only","Social impact","Traction","Social impact","Strong","Tier 2","","Active – Rolling
BIPOC,Software,Veterans & family,Womxn
Only San Diego-headquartered CDFI explicitly serving diverse founders with non-equity capital
critical for underrepresented UCSD alumni founders who have initial revenue but lack access to traditional VC","https://foundersfirstcdc.org/","Active","checked"
"San Diego Sports Innovators (SDSI) Accelerator","San Diego ecosystem","World's only accelerator exclusively for sports, active lifestyle, and healthy living companies. Equity-free — no equity taken. 74% of graduates still active or acquired. ~60% of participating companies are tech or tech-enabled. In-person San Diego programming.","Accelerator","Non-dilutive","Free program; mentor access; investor and brand connections; industry network","2026-11-28","rolling","Rolling; next cycle when open","annual","UCSD-affiliated / Student-only / Regional / local","UCSD only","Healthcare / life sciences","Any stage","Research spinout","Moderate","Tier 3","","Active – Cohort-based
Only equity-free sports/wellness accelerator in the world
exceptional for UCSD kinesiology, medicine, and bioengineering founders building sports or health tech products","http://www.sdsportinnovators.org/","Active",""
"Qualcomm Ventures Corporate VC Program","External program","Corporate venture arm of Qualcomm investing in mobile, AI, IoT, 5G, XR, autonomous systems, and semiconductor innovation startups. Manages multiple global funds. Qualcomm's deep UCSD relationship (Irwin Jacobs co-founded both) gives SD founders unique access and strategic value.","Investment","Dilutive / equity","$500K to $5M+ per investment (typical)","2026-11-13","expected","mobile  IoT","annual","UCSD-affiliated / Open to all","UCSD only","Engineering / technology","Any stage","Hardware / prototype","Moderate","Tier 3","","Artificial Intelligence,Robotics & Autonomous Systems,Tech
Rolling (through Qualcomm Ventures website or referral)","https://www.qualcommventures.com/","Active",""
"Prelude Ventures Cleantech VC Fund","San Diego ecosystem","Venture capital firm focused exclusively on climate and sustainability technology. Invests $1M–$15M in seed to Series B cleantech companies including energy storage, carbon capture, sustainable materials, smart grid, and ocean/climate monitoring. Active in UCSD-adjacent cleantech.","Grant","Dilutive / equity","$1M to $15M per investment (typical)","2026-11-28","rolling","Rolling; next cycle when open","year round","UCSD-affiliated","UCSD only","Climate / energy","Traction","Climate / cleantech","Strong","Tier 2","","Active – Rolling
Artificial Intelligence,Climate Tech,Energy,GreenTech,Ocean Sciences,Sustainability
Top dedicated cleantech VC with strong UCSD/SD ecosystem presence
key investor target for UCSD Scripps and Jacobs School climate tech and ocean sciences spinouts","https://preludeventures.com/","Active","checked"
"San Diego Regional Economic Development Corporation (EDC)","San Diego ecosystem","Nonprofit promoting job growth and business competitiveness in San Diego region. Connects startups with resources, talent networks, and state incentive programs including California Competes Tax Credit. Free business navigator service.","Service","Non-dilutive","Free navigation services; connects to California Competes Tax Credit ($100K–$1M+); workforce incentives","2026-11-28","rolling","Rolling; next cycle when open","year round","Regional / local","San Diego region","Social impact","Traction","Social impact","Moderate","Tier 3","","Active – Rolling
Industry Agnostic
Gateway to California Competes Tax Credits worth $100K–$1M+ for job-creating San Diego startups
key liaison for navigating city and county business incentive programs","https://www.sandiegobusiness.org/","Active",""
"City of San Diego Economic Development & CDBG Business Programs","San Diego ecosystem","City-funded programs including small business grants, microloans, technical assistance, and CDBG-funded economic development for San Diego businesses. Priority for low-income neighborhoods, underrepresented founders, and community-impact businesses.","Grant","Non-dilutive","$5,000 to $50,000 (CDBG business programs); microloan programs vary","2026-11-28","rolling","Rolling; next cycle when open","year round","UCSD-affiliated / Regional / local","UCSD only","Social impact","Any stage","Social impact","Strong","Tier 2","","Active – Rolling (CDBG annual cycle + rolling microloans)
Social Enterprise
Non-dilutive city funding accessible to UCSD founders also operating as small businesses
priority access for founders building in underserved San Diego communities","https://www.sandiego.gov/economic-development","Active","checked"
"San Diego Foundation Community Innovation Grants","San Diego ecosystem","Community foundation providing grants to nonprofits and social enterprises addressing San Diego community needs. Innovation and environmental grant programs support projects in education, environment, and economic equity. Periodic innovation-focused RFPs.","Grant","Dilutive / equity","Typically $5,000 to $50,000 per grant","2027-01-31","expected","Next annual cycle (2027)","annual","UCSD-affiliated / Research / academic / Regional / local","UCSD only","Social impact","Any stage","Climate / cleantech","Strong","Tier 2","","Active – Annual grant cycles
EdTech,Social Enterprise
Key foundation for social entrepreneurs
important for UCSD researchers building community organizations and social ventures with a nonprofit or hybrid structure","https://www.sdfoundation.org/","Active","checked"
"NSF Small Business Innovation Research (SBIR) Phase I Grant","Federal program","Federal non-dilutive grants up to $275,000 for early-stage deep tech small businesses assessing commercial feasibility of a science or engineering-based innovation. NSF SBIR covers software, AI, biotech, advanced materials, engineering, and physical sciences. Multiple deadlines per year.","Grant","Non-dilutive","Up to $275,000 (Phase I); up to $1.84M (Phase II)","2026-11-13","expected","Next open solicitation window","annual","UCSD-affiliated / Research / academic","UCSD only","Healthcare / life sciences","Idea","Research spinout","Excellent","Tier 1","","Active – Multiple solicitations/year
Artificial Intelligence,LifeSci,Software,Tech
Most accessible non-dilutive federal funding for UCSD spinouts
$275K with no equity
multiple cycles
specifically designed to support university researcher spinout commercialization","https://www.nsf.gov/sbir","Active","checked"
"NIH Small Business Innovation Research (SBIR) Phase I Grant","Federal program","Federal non-dilutive grants for biomedical and health technology small businesses. Largest US SBIR program. Phase I up to $300,000 for feasibility studies. Covers health, biotech, medical devices, diagnostics, and clinical research tools. Multiple omnibus deadlines annually.","Grant","Non-dilutive","Up to $300,000 (Phase I); up to $2M (Phase II)","2026-11-13","expected","Next open solicitation window","annual","UCSD-affiliated / Research / academic / Regional / local","UCSD only","Healthcare / life sciences","Any stage","Research spinout","Strong","Tier 2","","Active – Multiple omnibus deadlines/year
HealthTech,LifeSci,Medtech,Tech
Largest source of non-dilutive funding for health startups in US (>$1B/year)
UCSD's world-class biomedical research gives San Diego companies strong competitive position","https://seed.nih.gov/","Active","checked"
"DoD SBIR/STTR Defense Technology Grants","Federal program","Federal non-dilutive grants for small businesses. Phase I: $150K–$250K for feasibility. Phase II: up to $1.5M+ for development. Multiple DoD agencies with San Diego relevance including Navy (NavalX), Air Force (AFWERX), DARPA, and Army. Multiple annual solicitations.","Grant","Non-dilutive","$150,000–$250,000 (Phase I); up to $1.5M+ (Phase II)","2026-12-31","expected","Next quarterly cycle (Q4 2026 or next window)","annual","UCSD-affiliated / Research / academic / Regional / local","UCSD only","Defense / dual-use","Any stage","Hardware / prototype","Moderate","Tier 3","","Active – Multiple solicitations/year
Aerospace,Artificial Intelligence,BlueTech,Cybersecurity,Robotics & Autonomous Systems
San Diego is top-5 US defense tech hub with largest military concentration
UCSD's H4D and defense research relationships give founders direct pathways to DoD SBIR contracts","https://www.sbir.gov/","Active",""
"NSF Innovation Corps (I-Corps) National Program","Federal program","Customer discovery training and funding program for university innovators. Provides $50,000 for teams to conduct 100+ customer interviews and validate commercial potential of STEM-based technology. Pathway to NSF SBIR. UC system serves as Regional Hub for UCSD teams.","Grant","Dilutive / equity","$50,000 per team (National I-Corps); $2,500–$5,000 (Regional I-Corps)","2026-11-13","expected","Next open solicitation window","annual","UCSD-affiliated / Regional / local","UCSD only","Social impact","Traction","Software / digital","Excellent","Tier 1","","Active – Multiple cohorts/year
Data Science,LifeSci,Tech
Gold standard for validating technology-based startups
$50K non-equity + proven lean methodology
UCSD is part of NSF I-Corps Hub network making regional access easier","https://new.nsf.gov/funding/initiatives/i-corps","Active","checked"
"CalSEED California Sustainable Energy Entrepreneur Development Initiative","State of California","State grant program for early-stage clean energy innovators throughout California. Provides up to $700,000 in non-dilutive funding plus access to accelerators, test facilities, and professional development. Focus on energy storage, efficiency, renewable energy, and advanced transportation.","Grant","Non-dilutive","Up to $700,000 (varies by solicitation and phase)","2027-01-31","expected","Next annual cycle (2027)","annual","UCSD-affiliated / Research / academic / Regional / local","UCSD only","Climate / energy","Idea","Climate / cleantech","Strong","Tier 2","","Active – Annual (next expected 2026)
Energy,Green Energy,GreenTech,Transportation
Major California-specific clean energy grant
UCSD Jacobs School and Scripps Institution researchers are ideal candidates
pairs well with DOE programs and EvoNexus","https://calseed.fund/","Active","checked"
"Salk Institute Technology Transfer & Startup Support","Federal program","World-renowned biomedical research institute with active tech transfer office supporting spinout companies. IP licensing, startup formation support, and investor connections for researchers in neuroscience, cancer biology, aging, and plant science. Frequent UCSD-Salk co-PI projects create joint IP opportunities.","Service","Non-cash support","IP filing assistance; transition lab space; investor introductions","2026-11-28","rolling","Rolling; next cycle when open","year round","UCSD-affiliated / Research / academic / Regional / local","UCSD only","Healthcare / life sciences","Any stage","Research spinout","Moderate","Tier 3","","Active – Rolling
LifeSci,Tech
Salk is one of world's top basic science institutes
frequent UCSD-Salk co-PI partnerships create combined IP for San Diego biotech spinouts","https://www.salk.edu/science/technology-development/","Active",""
"Scripps Research Technology Licensing & Startup Programs","UC San Diego","One of world's largest nonprofit biomedical research institutes with comprehensive technology licensing and spinout support. IP management, startup formation, and investor connections for researchers in chemistry, drug discovery, immunology, and neuroscience.","Service","Non-cash support","IP filing support; lab-to-startup transition assistance; investor introductions","2026-11-28","rolling","Rolling; next cycle when open","year round","UCSD-affiliated / Research / academic / Regional / local","UCSD only","Healthcare / life sciences","Any stage","Research spinout","Moderate","Tier 3","","Active – Rolling
LifeSci,Tech
Scripps Research spinouts include major pharma companies
collaboration with UCSD researchers adds joint IP pathway in San Diego's world-class biomedical corridor","https://www.scripps.edu/science/technology-development/","Active",""
"La Jolla Institute for Immunology (LJI) Startup & IP Resources","External program","Dedicated immunology research institute supporting commercialization of discoveries in human immunology, allergy, vaccine development, and inflammatory disease. Provides technology transfer, IP support, and researcher-entrepreneur programs.","Service","Non-cash support","IP support; pilot funding possible; investor introductions","2026-11-28","rolling","Rolling; next cycle when open","year round","UCSD-affiliated / Research / academic / Regional / local","UCSD only","Healthcare / life sciences","Traction","Research spinout","Excellent","Tier 1","","Active – Rolling
LifeSci,Tech
LJI's immunology expertise combined with UCSD partnerships creates unique spinout pipeline for immunotherapy and vaccine startups in San Diego's biomedical corridor","https://www.lji.org/research/legal-affairs-and-intellectual-property/","Active","checked"
"NSIN (National Security Innovation Network) Programs at UCSD","UC San Diego","DoD's university-based innovation programs connecting universities with national security challenges. Programs at UCSD include Hacking for Defense (H4D), innovation hackathons, and accelerator pathways. Direct connection to DoD problem sponsors and OTA/SBIR funding pipelines.","Accelerator","Non-dilutive","DoD mentor access; OTA pathways; potential SBIR Phase I follow-on ($150K–$300K)","2027-01-31","expected","Next annual cycle (2027)","annual","UCSD-affiliated / Research / academic / Regional / local","UCSD only","Defense / dual-use","Any stage","Networking / support","Excellent","Tier 1","checked","Active – Annual (check for current program calendar)
Aerospace,Artificial Intelligence,GovTech
Direct DoD connection for university startups
pipeline from academic research to defense contracts
San Diego's largest military presence makes DoD customers readily accessible","https://www.nsin.mil/","Not Active",""
"San Diego Military Advisory Council (SDMAC)","San Diego ecosystem","Defense and maritime technology innovation hub and accelerator in San Diego. Connects defense contractors, dual-use technology startups, and UCSD researchers. Supports development of technologies for national defense and maritime applications. Pathways to OTA contracts and SBIR funding.","Accelerator","Non-dilutive","Program support; OTA contract connections; SBIR opportunity introductions","2027-01-31","expected","Next annual cycle (2027)","annual","UCSD-affiliated / Research / academic / Regional / local","UCSD only","Defense / dual-use","Any stage","Research spinout","Strong","Tier 2","","Active – Annual programs
Aerospace,BlueTech,Cybersecurity,Robotics & Autonomous Systems
San Diego hosts largest US military concentration
SCALE provides unique defense tech commercialization pathway for UCSD researchers near Camp Pendleton, SPAWAR, and NAVWAR","https://sdmac.org/innovation/","Active","checked"
"Hacking for Defense (H4D) National Program – UCSD Team Eligible","UC San Diego","National semester-long course program where university teams solve real DoD challenges via Lean Startup. UCSD teams can participate through national H4D network. Teams receive direct DoD sponsor access, mentors, and potential follow-on SBIR/OTA funding after completing the course.","Competition","Non-dilutive","Academic credit; DoD sponsor access; potential SBIR Phase I follow-on","2027-01-31","expected","Next annual cycle (2027)","annual","UCSD-affiliated / Research / academic","UCSD only","Defense / dual-use","Any stage","Hardware / prototype","Strong","Tier 2","checked","Active – Annual (Fall and Spring semesters)
Aerospace,Artificial Intelligence,GovTech,Robotics & Autonomous Systems
Nationally recognized program
builds defense tech founders with real government customers from first day
complements UCSD's existing defense research strengths","https://www.h4di.us/","Not Active",""
"San Diego Startup Week (SDSW)","San Diego ecosystem","Annual week-long celebration of San Diego's startup ecosystem featuring workshops, pitch competitions, investor networking, founder panels, and industry showcases. Connects UCSD students, founders, investors, and mentors across San Diego.","Competition","Non-dilutive","Competition prizes vary (typically $5K–$25K); networking value; media exposure","2027-01-31","expected","Next annual cycle (2027)","annual","UCSD-affiliated / Student-only / Regional / local","UCSD only","Social impact","Any stage","Networking / support","Excellent","Tier 1","","Active – Annual
Industry Agnostic
Most visible San Diego startup community gathering
excellent for UCSD founders to meet investors, mentors, and potential co-founders outside the campus bubble","https://sandiegostartupweek.org/","Active","checked"
"Southwestern Community College SBDC","External program","SBA-funded Small Business Development Center hosted at Southwestern Community College providing free small business consulting, entrepreneurship training, and access-to-capital assistance for San Diego County startups. Emphasizes South Bay and underserved communities.","Service","Non-cash support","Free services; SBA-funded; grant and loan navigation","2026-11-28","rolling","Rolling; next cycle when open","year round","UCSD-affiliated / Regional / local","UCSD only","Social impact","Any stage","Social impact","Moderate","Tier 3","","Active – Rolling
Industry Agnostic
Extends SBDC services to underrepresented communities in South County SD
accessible entry point for UCSD founders engaged with South San Diego community partners","https://www.swccd.edu/swc-community/center-for-business-advancement/index.aspx","Active",""
"San Diego County CDBG Small Business Assistance Programs","San Diego ecosystem","Federal CDBG funds administered by San Diego County for economic development including small business loans, technical assistance, and micro-enterprise grants for businesses in low-income areas of unincorporated San Diego County. Annual cycle tied to HUD CDBG allocations.","Grant","Non-dilutive","$5,000 to $50,000 (typical CDBG business assistance)","2027-01-31","expected","Next annual cycle (2027)","annual","UCSD-affiliated / Regional / local","UCSD only","Social impact","Any stage","Early-stage team","Moderate","Tier 3","","Active – Annual CDBG cycle
Important for UCSD founders building businesses in underserved San Diego neighborhoods
federally-funded community capital accessible locally through the County","https://www.sandiegocounty.gov/content/sdc/sdhcd/community-development/cdbg.html","Active",""
"UCSD Jacobs School of Engineering Startup Competitions & Resources","UC San Diego","Engineering school providing students access to entrepreneurship programs, competitions, and resources including the IDEA Student Center, annual startup competitions, and direct connections to von Liebig Center. Incubates hardware, deep tech, and bioengineering founders.","Competition","Non-dilutive","Varies by competition and program","2027-01-31","expected","Next annual cycle (2027)","annual","UCSD-affiliated / Student-only / Regional / local","UCSD only","Engineering / technology","Idea","Hardware / prototype","Excellent","Tier 1","checked","Active – Annual
Artificial Intelligence,LifeSci,Robotics & Autonomous Systems,Tech
Entry point for Jacobs School engineering students into entrepreneurship
direct pipeline to von Liebig grants and Invent@UCSD licensing
largest engineering school in San Diego","https://jacobsschool.ucsd.edu/","Active","checked"
"Institute for the Global Entrepreneur (IGE), UCSD","UC San Diego","Institute for the Global Entrepreneur (IGE), UC San Diego is a joint initiative of the UC San Diego Jacobs School of Engineering and the Rady School of Management that helps researchers, engineers, and entrepreneurs translate innovative technologies into successful ventures. Through entrepreneurship education, mentoring, accelerator programs, and industry partnerships, IGE supports the commercialization of deep-tech and life science innovations, fostering startup creation and global market impact.","Accelerator","Non-dilutive","Varies by program","2026-11-28","rolling","Rolling; next cycle when open","","UCSD-affiliated / Open to all / Research / academic / Regional / local","UCSD only","Healthcare / life sciences","Traction","Research spinout","Excellent","Tier 1","checked","Active – Rolling
Resources for engineering entrepreneurship","https://ige.ucsd.edu/","Active","checked"
"SoCal Biomed Catalyst Program","External program","Southern California biomedical innovation accelerator providing early-stage life science companies with mentoring and connections to clinical sites across the UC health system. Focuses on novel biomedical technologies from Southern California research institutions.","Accelerator","Non-dilutive","Mentoring and investor networking, currently no funding","2027-01-31","expected","Next annual cycle (2027)","annual","UCSD-affiliated / Research / academic / Regional / local","UCSD only","Healthcare / life sciences","Idea","Research spinout","Strong","Tier 2","","Active – Annual cohorts
EdTech,LifeSci,Medtech,Tech
Leverages UC health system clinical sites for biomedical validation
highly relevant for UCSD biomedical spinouts needing clinical access without large trials","https://socalbio.org/innovation-catalyst/","Active","checked"
"Elemental Excelerator Strategy Track","External program","Over a 9-month period works closely with company CEOs on business strategies for early-stage companies. Investments and tailored support around core business initiatives. Climate tech focus covering energy, water, food, and transportation.","Accelerator","Non-dilutive","$250,000–$500,000 investment with potential follow-on","2027-01-31","expected","Next annual cycle (2027)","annual","UCSD-affiliated / Research / academic","UCSD only","Climate / energy","Idea","Climate / cleantech","Moderate","Tier 3","","Active – Annual
energy, industry, transportation, built environment, water, food, agriculture, and nature
Top climate tech accelerator with $250K–$500K investment
strong alignment with UCSD ocean sciences, climate research, and engineering programs working on energy transition","https://elementalexcelerator.com/funding-opportunities/","Active",""
"California GO-Biz Innovation Programs (California Competes Tax Credit)","State of California","California Competes Tax Credit program negotiating tax credits with businesses creating jobs in California. Non-competitive application process with minimum job creation thresholds. Additional innovation programs for startups through California's IBank and CPUC programs.","Grant","Non-dilutive","Tax credits typically $50,000–$2M based on jobs created and wages","2027-01-31","expected","Next annual cycle (2027)","annual","UCSD-affiliated / Student-only / Regional / local","UCSD only","All industries","Any stage","Software / digital","Strong","Tier 2","","Active – Annual (3 application periods/year)
Major California tax incentive for startups hiring in SD
SD Regional EDC navigates this process free of charge — effective $100K–$2M+ benefit for hiring UCSD graduates","https://business.ca.gov/","Active","checked"
"UCSD Rady School New Venture Competition","UC San Diego","Annual business plan competition open to all UCSD students and alumni. Provides prizes and investor exposure for teams developing scalable business ideas. Judges include San Diego VCs, angel investors, and entrepreneurs.","Competition","Dilutive / equity","Cash prizes; investor introductions; media coverage","2027-01-31","expected","Next annual cycle (2027)","annual","UCSD-affiliated / Student-only / Student + alumni / Open to all / Research / academic / Regional / local","UCSD only","Software / AI","Idea","Research spinout","Strong","Tier 2","checked","Active – Annual
Industry Agnostic
Annual showcase for the best UCSD startup ideas
judges are active San Diego investors
winners often go on to EvoNexus, CONNECT, or raise angel rounds","https://rady.ucsd.edu/","Active","checked"
"San Diego Connect","San Diego ecosystem","San Diego's original venture community organization hosting investor networking events, startup pitch nights, and educational programming for San Diego founders and investors. Connects early-stage founders with local VC community.","Investment","Dilutive / equity","Free or low-cost event access; investor connections","2026-11-28","rolling","Rolling; next cycle when open","year round","Regional / local","San Diego region","Social impact","Idea","Social impact","Moderate","Tier 3","","Active – Check Current Status (domain verify required)
LifeSci,Tech
Long-standing San Diego venture community organization
important for building relationships with local VC community before formal fundraising","https://connect.org/","Active",""
"EPIC Program Grants","External program","EPIC (Electric Program Investment Charge) invests $130M+ annually in clean energy R&D including technology demonstration and deployment. Grants fund research institutions, startups, and businesses on grid modernization, renewables, buildings decarbonization, and transportation electrification. 25% of funds earmarked for disadvantaged communities.","Grant","Non-dilutive","$100K–$10M+ (varies by solicitation)","2026-11-28","rolling","Rolling; next cycle when open","year round","UCSD-affiliated / Research / academic","UCSD only","Climate / energy","Any stage","Research spinout","Strong","Tier 2","","Rolling Solicitations
Energy,Green Energy,GreenTech,Transportation
Largest annual clean energy R&D funding stream in California
UCSD research spinoffs and deep-tech cleantech companies should monitor solicitations regularly","https://www.energy.ca.gov/programs-and-topics/programs/electric-program-investment-charge-epic-program","Active","checked"
"California IBank Venture Lending","State of California","IBank partners with private lenders to provide growth-stage loans to VC-backed startups that may not qualify for traditional bank financing. Loans are used for working capital, equipment, and growth capital. IBank takes a subordinated or co-lending position to reduce lender risk.","Loan","Dilutive / equity","$500K–$5M loans","2026-11-28","rolling","Rolling; next cycle when open","year round","UCSD-affiliated","UCSD only","Social impact","Traction","General startup support","Low","Tier 4","","Open – Rolling Applications
Industry Agnostic
Critical bridge capital for UCSD startups post-VC that need non-dilutive runway extension or equipment financing without giving up more equity","https://ibank.ca.gov/","Active",""
"New Employment Credit (NEC)","External program","Tax credit for businesses that hire full-time employees from targeted groups (e.g. veterans, long-term unemployed, ex-offenders) in designated census tracts or within an enterprise zone. Credit of $3,000–$56,000 per qualifying employee over 5 years.","Grant","Non-dilutive","$3,000–$56,000 per qualifying hire over 5 years","2026-11-13","rolling","Open – Ongoing Claim at tax filing","year round","UCSD-affiliated / Regional / local","UCSD only","All industries","Any stage","General startup support","Moderate","Tier 3","","Open – Ongoing
Industry Agnostic
Direct tax savings for UCSD startups in San Diego designated areas that hire veterans, transitioning foster youth, or long-term unemployed","https://www.ftb.ca.gov/file/business/credits/","Active",""
"California SBDC Network (Statewide)","State of California","Statewide network of Small Business Development Centers offering no-cost one-on-one business advising, workshops, market research, financial analysis, and access-to-capital assistance. Over 40 centers across California. Federally and state co-funded.","Service","Non-dilutive","Free consulting; workshops $0–$50; access to grants/loans via referrals","2026-11-28","rolling","Rolling; next cycle when open","annual","UCSD-affiliated / Research / academic / Regional / local","UCSD only","All industries","Any stage","Research spinout","Strong","Tier 2","","Open – Rolling
Industry Agnostic
Every UCSD founder should register with SBDC before filing for any state grant
Free advisors help with applications, financials, and pitch prep","https://www.californiasbdc.org/","Active","checked"
"California Clean Energy Fund (CalCEF)","State of California","CalCEF is a nonprofit public benefit organization that accelerates clean energy innovation through early-stage investments, catalytic programs, and ecosystem building. Invests in seed-stage cleantech startups and runs programs like the Clean Energy Business Incubation Program (CEBIP).","Grant","Non-dilutive","$250K–$2M investment; program support varies","2026-11-28","rolling","Rolling; next cycle when open","year round","UCSD-affiliated / Regional / local","UCSD only","Climate / energy","Idea","Climate / cleantech","Strong","Tier 2","","Open – Rolling Review
Energy,Green Energy,GreenTech
California's state-linked cleantech investment fund
uniquely positions to bridge public mission and early-stage capital for UCSD energy founders","https://www.calcef.org/","Not Active",""
"CALSTART Membership & Programs","External program","CALSTART is California's premier clean transportation industry consortium with 300+ member companies. Membership provides access to policy advocacy, market intelligence, industry connections, federal and state grant co-application opportunities, and working groups on EV fleets, hydrogen, and advanced vehicles.","Service","Non-dilutive","Membership from ~$2,500/yr; access to multi-million dollar consortium projects","2026-11-28","rolling","Rolling; next cycle when open","annual","UCSD-affiliated / Regional / local","UCSD only","All industries","Any stage","Software / digital","Strong","Tier 2","","Open – Rolling Membership
GreenTech,Transportation
Essential for UCSD founders in electric vehicles, charging infrastructure, fleet electrification, or hydrogen — connects to utility and OEM procurement contacts","https://calstart.org/","Active","checked"
"CARB Research Grants","External program","CARB funds research and demonstration projects on zero-emission vehicles (ZEV), air quality, transportation electrification, and heavy-duty trucking. Grants are issued through competitive solicitations. Startups, universities, and businesses are eligible.","Grant","Non-dilutive","$50K–$5M+ (varies by solicitation)","2026-11-28","rolling","Rolling; next cycle when open","annual","UCSD-affiliated / Research / academic","UCSD only","Software / AI","Any stage","Research spinout","Moderate","Tier 3","","Rolling Solicitations
Artificial Intelligence,Transportation
High-value R&D contracts for UCSD founders working on zero-emission vehicle tech, emissions monitoring, or transportation electrification","https://ww2.arb.ca.gov/capp/fund/cag/community-air-grants","Active",""
"CDFA Specialty Crop Block Grant Program","External program","USDA-funded grants passed through CDFA to support projects that solely benefit specialty crops (fruits, vegetables, tree nuts, dried fruits, horticulture). Supports agtech startups, research, and market development. Open to nonprofits and businesses with specialty crop focus.","Grant","Non-dilutive","$50K–$500K+ (varies by cycle)","2026-11-28","rolling","Rolling; next cycle when open","annual","UCSD-affiliated / Research / academic","UCSD only","Social impact","Any stage","Research spinout","Strong","Tier 2","","Rolling Solicitations
Agriculture,Food and Beverage
California-specific ag funding directly relevant to UCSD agtech/food-tech founders working on crop technology, precision agriculture, or supply chain","https://www.cdfa.ca.gov/grants/","Active","checked"
"CDFA Office of Agricultural Resilience and Sustainability (OARS)","External program","Suite of CDFA programs including Healthy Soils, SWEEP (water efficiency), and AMMP (alternative manure management) providing incentive payments and grants for sustainable agriculture practices. Research entities and startups providing technical solutions can participate as partner organizations.","Grant","Non-dilutive","$10K–$500K per project","2027-01-31","expected","Next annual cycle (2027)","annual","UCSD-affiliated / Research / academic","UCSD only","Healthcare / life sciences","Any stage","Research spinout","Strong","Tier 2","","Open – Annual cycles
Agriculture,Artificial Intelligence,GreenTech,Sustainability
Supports UCSD AgTech founders developing tools for water efficiency, soil carbon, or emissions reduction with CA farmer partnerships","https://www.cdfa.ca.gov/oars/","Active","checked"
"USDA Rural Development Business Programs (CA)","External program","Federal programs administered in California for rural businesses including the Rural Business Development Grant (RBDG), Business & Industry (B&I) Loan Guarantee, and Rural Energy for America Program (REAP). Accessible to CA rural businesses.","Grant","Non-dilutive","$10K–$500K grants; loans up to $25M+","2026-11-28","rolling","Rolling; next cycle when open","occasionally","UCSD-affiliated / Regional / local","UCSD only","Climate / energy","Any stage","Climate / cleantech","Strong","Tier 2","","Open – Rolling and Annual
Agriculture,GreenTech,Industry Agnostic
Relevant for UCSD founders building agtech or cleantech solutions deployed in CA's rural San Joaquin Valley, Imperial County, or inland communities","https://www.rd.usda.gov/programs-services/business-programs","Active","checked"
"CPCFA Environmental Financing","External program","CPCFA provides tax-exempt bond financing and loan programs for California businesses that manufacture, design, install, or use pollution control equipment or clean energy technologies. Includes the Small Business Environmental Assistance Program.","Grant","Non-dilutive","$250K–$30M+","2026-11-28","rolling","Rolling; next cycle when open","year round","UCSD-affiliated","UCSD only","Climate / energy","Any stage","Climate / cleantech","Strong","Tier 2","","Open – Rolling Applications
GreenTech
Low-cost debt financing for UCSD cleantech hardware/manufacturing startups that can't access investment-grade bond markets independently","https://www.treasurer.ca.gov/cpcfa/","Active","checked"
"California Statewide Gas Emerging Technologies Program","State of California","The Statewide Gas Emerging Technologies Program (GET), is a collaboration between California’s investor owned utilities to advance promising energy-efficient technologies. The program aims to identify and evaluate currently commercially available technologies, and further market readiness of promising concepts that may be ready in three to five years.","Grant","Non-dilutive","Pilot funding varies; non-dilutive project agreements possible","2026-11-28","rolling","Rolling; next cycle when open","year round","UCSD-affiliated / Research / academic / Regional / local","UCSD only","Climate / energy","Idea","Research spinout","Excellent","Tier 1","","Open – Rolling
Energy,GreenTech
Direct path to utility pilot deployment for UCSD energy/hydrogen founders
SoCalGas territory includes SD County — pilot data accelerates future VC raises","https://cagastech.com/","Active","checked"
"SDG&E Energy Innovation Center","External program","SDG&E operates the Energy Innovation Center (EIC) in San Diego providing facilities, partnerships, and programs for clean energy startups. Supports EV charging technology, grid modernization, and energy storage demonstrations within SDG&E service territory.","Grant","Non-dilutive","Space, equipment access, and potential pilot contracts","2026-11-28","rolling","Rolling; next cycle when open","year round","UCSD-affiliated / Research / academic / Regional / local","UCSD only","Climate / energy","Any stage","Climate / cleantech","Strong","Tier 2","","Open – Rolling inquiries
Energy,Green Energy,GreenTech
Rare local SD utility program giving UCSD founders lab access, domain expertise, and path to first customer without leaving San Diego","https://www.sdge.com/business/energy-innovation-center","Not Active",""
"Sempra Energy Innovation & Ventures","External program","Sempra's corporate venture and innovation arm invests in and partners with startups developing energy transition technologies. Portfolio companies receive strategic partnership value including access to Sempra's regulated utilities, customer base, and infrastructure.","Grant","Non-dilutive","Investment amounts not public; partnerships vary","2026-11-28","rolling","Rolling; next cycle when open","year round","UCSD-affiliated / Regional / local","UCSD only","Climate / energy","Any stage","Climate / cleantech","Moderate","Tier 3","","Open – Rolling
Energy,GreenTech
Sempra is headquartered in San Diego — one of the most strategically valuable corporate venture relationships for UCSD cleantech founders","https://www.sempra.com/innovation","Not Active",""
"California Life Sciences (CalLS) Programs","State of California","California Life Sciences is the statewide trade association for biotech, pharma, medical devices, and diagnostics companies. Runs FAST (Faster Acceleration of Science and Technology) program, investor networks, and policy advocacy. Key resource for life science startup ecosystem navigation.","Accelerator","Non-dilutive","Membership from ~$1,500/yr; FAST grants up to $100K for members","2026-11-13","expected","Open – Membership + Selective Programs N/A","annual","UCSD-affiliated / Regional / local","UCSD only","Healthcare / life sciences","Any stage","Research spinout","Excellent","Tier 1","","Open – Membership + Selective Programs
EdTech,LifeSci,Medtech,Tech
Essential trade association for UCSD biotech/medtech founders
FAST grants provide non-dilutive capital
investor network access is particularly valuable pre-Series A","https://californialifeSciences.org/","Not Active",""
"UCLA Anderson Venture Accelerator","External program","Student-run but open-to-community accelerator at UCLA Anderson that provides mentorship, workshops, prototype funding, and demo day opportunities. Non-MBA founders from California universities including UCSD may apply as community participants. Focuses on tech-enabled startups.","Accelerator","Non-dilutive","Prototype funding; workshops; no equity taken","2027-01-31","expected","Next annual cycle (2027)","annual","UCSD-affiliated / Student-only / Research / academic / Regional / local","UCSD only","Social impact","Prototype","Social impact","Excellent","Tier 1","","Open – Annual Cohorts
Industry Agnostic
Strong SoCal academic network
UCSD founders can tap UCLA's investor connections and Silicon Beach networks while maintaining San Diego base","https://www.anderson.ucla.edu/about/centers/price-center-for-entrepreneurship-and-innovation/anderson-venture-accelerator","Active","checked"
"USC Stevens Center for Innovation","External program","USC's technology transfer and commercialization office. Runs the Blackstone Launchpad program, Stevens Neuroimaging programs, and innovation advisory services. Open to CA innovators for licensing and commercialization consulting. Separate from USC's venture funds.","Service","Non-cash support","Free advisory; licensing deals; no direct grant funding","2026-11-28","rolling","Rolling; next cycle when open","year round","UCSD-affiliated","UCSD only","Healthcare / life sciences","Traction","Networking / support","Strong","Tier 2","","Open – Rolling
Relevant for UCSD founders who want to co-license USC technology or access SoCal biotech/tech transfer networks different from their home institution","https://stevens.usc.edu/","Active","checked"
"CSU Entrepreneurship Programs (System-wide)","External program","CSU system operates entrepreneurship programs across 23 campuses including SDSU, CSUSM, and Cal Poly. Programs include business plan competitions, incubators, and startup clinics. SDSU's Lavin Entrepreneurship Center and Zahn Innovation Center are especially relevant to SD founders.","Competition","Non-dilutive","$1K–$50K competition prizes; free incubator space; advising","2026-11-13","rolling","Open – Per-campus cycles Per-campus deadline","year round","UCSD-affiliated / Regional / local","UCSD only","All industries","Any stage","Early-stage team","Excellent","Tier 1","","Open – Per-campus cycles
Industry Agnostic
SDSU Zahn Center is specifically relevant for UCSD founders in San Diego needing co-working space, mentorship, and access to SDSU's investor network","https://www.calstate.edu/impact-of-the-csu/research/intellectual-property-and-technology-transfer/Pages/entrepreneurship-at-the-csu.aspx","Active","checked"
"LA Cleantech Incubator (LACI)","San Diego ecosystem","LACI is LA's premier cleantech incubator providing 6-month to 12-month incubation programs for clean energy, transportation, and water technology startups. Open to California-based companies. Provides office/lab space, mentorship, investor connections, and equity-free grants in some programs.","Accelerator","Non-dilutive","$25K–$100K program grants; space access; no equity in base program","2026-11-28","rolling","Rolling; next cycle when open","annual","UCSD-affiliated / Research / academic","UCSD only","Climate / energy","Any stage","Research spinout","Strong","Tier 2","","Open – Cohort Applications
Energy,GreenTech,Transportation
One of the strongest cleantech-specific incubators in California
UCSD cleantech founders can participate remotely or via periodic LA presence","https://laincubator.org/","Active","checked"
"Amplify.LA Pre-Seed Fund","External program","LA's premier pre-seed fund investing in passionate technology entrepreneurs. Amplify provides $25K–$100K initial checks to pre-product or early-product tech startups and wraps capital with intensive mentorship, product development support, and community. Portfolio of 400+ companies.","Investment","Dilutive / equity","$25K–$100K initial check; follow-on possible","2026-11-28","rolling","Rolling; next cycle when open","year round","UCSD-affiliated / Regional / local","UCSD only","Social impact","Idea","Social impact","Strong","Tier 2","","Open – Rolling applications
Amplify is one of the most active pre-seed funds in SoCal writing sub-$100K first checks
UCSD founders with tech ideas can apply remotely and access Amplify's large network","https://amplify.la/","Active","checked"
"Mucker Capital (MuckerLab Accelerator)","External program","Mucker Capital runs MuckerLab, a SoCal-based accelerator/studio that co-builds companies with founders from the pre-seed stage. Provides $100K–$250K in initial capital plus hands-on operational support, recruiting, product development, and business development. Focused on enterprise and marketplace startups.","Accelerator","Non-dilutive","$100K–$250K initial; follow-on from Mucker Fund","2026-11-28","rolling","Rolling; next cycle when open","year round","UCSD-affiliated / Research / academic","UCSD only","Software / AI","Idea","Research spinout","Strong","Tier 2","","Open – Rolling applications
Mucker's operational co-building model is unique in SoCal and is particularly valuable for first-time UCSD founders who want hands-on company-building support","https://mucker.com/","Active","checked"
"Cross-Cultural Capital Accelerator","External program","Accelerator and investment fund specifically designed for diverse and underrepresented founders across Southern California. Provides mentorship, capital, and connections to help founders from non-traditional backgrounds build venture-scale businesses.","Accelerator","Non-dilutive","Typically $50K–$200K","2026-11-13","expected","Open – Cohort Applications N/A","annual","UCSD-affiliated / Regional / local","UCSD only","All industries","Traction","Networking / support","Moderate","Tier 3","","Open – Cohort Applications
BIPOC,Industry Agnostic,Womxn
Specifically serves UCSD founders from underrepresented backgrounds who may not fit the Stanford/YC networking advantage
Direct path to SoCal investor network","https://www.crossculturalcapital.com/","Not Active",""
"Unshackled Ventures","External program","Inception-stage VC specifically backing immigrant and international founders. Provides the first check ($200K–$500K) before product, revenue, or even a visa. Includes proprietary immigration platform (300+ filings, 100% success), investor network (400+ VCs), and founder community (The Circle).","Investment","Dilutive / equity","$200K–$500K; immigration platform; The Circle community","2026-11-28","rolling","Rolling; next cycle when open","year round","UCSD-affiliated / Student-only / Research / academic / Regional / local","UCSD only","Social impact","Prototype","Social impact","Strong","Tier 2","","Open – Rolling applications
Industry Agnostic
Critical resource for UCSD's large international student/researcher founder population — Unshackled uniquely solves the visa and first-check problems simultaneously","https://www.unshackledvc.com/","Active","checked"
"Scale Venture Partners","External program","Bay Area-based VC firm with strong California roots focused on Series A and B investments in enterprise SaaS, cloud infrastructure, and AI/ML. History of backing SoCal founders. Check sizes typically $10M–$30M with strong portfolio support services.","Investment","Dilutive / equity","$10M–$30M Series A/B checks","2026-11-28","rolling","Rolling; next cycle when open","year round","UCSD-affiliated","UCSD only","Software / AI","Traction","Software / digital","Low","Tier 4","","Open – Rolling
Artificial Intelligence,Software
Relevant for UCSD CS/data science founders with enterprise SaaS traction — Scale is known for deep operational support through to IPO","https://www.scalevp.com/","Active",""
"Upfront Ventures","External program","SoCal's largest venture fund, based in LA. Invests at Seed through Series B with $500K–$5M initial checks. Strong focus on SoCal ecosystem building, diversity, and technology companies that can grow from LA. Has backed companies across enterprise, consumer, health, and fintech.","Investment","Dilutive / equity","Seed / Series A","2026-11-13","expected","Equity Investment $500K–$5M initial checks; significant follow-on","annual","General access","National / U.S.","Healthcare / life sciences","Traction","Research spinout","Low","Tier 4","","Equity Investment
Industry Agnostic","https://upfront.com/","Active",""
"Ring Ventures","External program","SoCal-focused seed and pre-seed fund led by Ring co-founder Jamie Siminoff investing in hardware, IoT, consumer tech, and marketplace startups. Focus on founders who think about physical world problems and have hardware/software integration expertise.","Investment","Dilutive / equity","$250K–$1M initial checks","2026-11-28","rolling","Rolling; next cycle when open","year round","UCSD-affiliated","UCSD only","Engineering / technology","Idea","Hardware / prototype","Low","Tier 4","","Open – Rolling applications
Directly relevant for UCSD ECE/MAE founders with hardware products
Ring Ventures uniquely understands the hardware journey from prototype to mass production","https://www.ringventures.com/","Active",""
"Karman Ventures","External program","Early-stage venture firm focused on dual-use defense and space technology. Backs founders building for the US national security and space economy. Based in Southern California near defense primes. Pre-seed to Series A checks.","Investment","Dilutive / equity","$500K–$3M","2026-11-28","rolling","Rolling; next cycle when open","year round","UCSD-affiliated / Regional / local","UCSD only","Defense / dual-use","Idea","General startup support","Moderate","Tier 3","","Open – Rolling
Aerospace
Extremely relevant for UCSD founders in aerospace, robotics, cybersecurity, and sensors given San Diego's defense industry concentration and proximity to defense primes","https://karmanventures.com/","Not Active",""
"CAMEO (CA Assoc for Micro Enterprise Opportunity)","State of California","CAMEO is California's statewide micro-business and CDFI trade association, providing training, network access, and advocacy for micro-enterprise lenders and entrepreneurs. Note: CAMEO's primary website appears to be transitioning. Connect through member CDFIs or CA SBDC for access to member programs.","Service","Non-cash support","Access to member CDFIs offering $500–$250K","2026-11-13","expected","Contact member CDFIs N/A","annual","UCSD-affiliated / Regional / local","UCSD only","Software / AI","Any stage","Software / digital","Moderate","Tier 3","","Contact member CDFIs
CAMEO's member network is the fastest path to CDFI micro-loans for underrepresented UCSD founders who don't qualify for bank financing","https://cameonetwork.org/","Active",""
"Pacific Coast Regional SBDC (PCR)","External program","SBDC lead center serving Los Angeles and surrounding region. Specific programs in international trade, government contracting, and capital access. May serve SD founders in regional programs and statewide initiatives.","Service","Non-cash support","Free consulting; access to loans and grants through referrals","2026-11-28","rolling","Rolling; next cycle when open","annual","UCSD-affiliated / Regional / local","UCSD only","All industries","Any stage","Early-stage team","Moderate","Tier 3","","Open – Rolling
Industry Agnostic
Secondary SBDC option for UCSD founders who want access to LA investor networks or are serving LA markets in addition to their home San Diego SBDC","https://pcrsbdc.org/","Active",""
"Pacific Community Ventures (PCV)","External program","PCV is a CDFI and non-profit community investor providing affordable small business loans ($10K–$500K), pro-bono business advising matched with professionals, and climate resilience programming. Serves CA-based small businesses and underrepresented entrepreneurs.","Loan","Loan / debt","$10K–$500K loans at below-market rates; free advisor matching","2026-11-28","rolling","Rolling; next cycle when open","year round","UCSD-affiliated / Regional / local","UCSD only","Climate / energy","Any stage","Climate / cleantech","Moderate","Tier 3","","Open – Rolling
BIPOC,Industry Agnostic,Womxn
Below-market loans + free expert advisors make PCV uniquely valuable for UCSD founders from underrepresented communities who can't access traditional bank financing","https://www.pacificcommunityventures.org/","Active",""
"Community Vision Capital & Consulting","External program","Community Vision is a Bay Area and statewide CDFI providing flexible loans and consulting to nonprofits, social enterprises, and small businesses across California. Focuses on community development, arts, and social impact ventures. Loans are flexible and below-market.","Loan","Loan / debt","$50K–$3M flexible loans","2026-11-28","rolling","Rolling; next cycle when open","year round","UCSD-affiliated / Regional / local","UCSD only","Social impact","Any stage","Social impact","Moderate","Tier 3","","Open – Rolling
Social Enterprise
For UCSD founders with a social enterprise model or nonprofit structure — Community Vision provides flexible CDFI capital that traditional lenders won't offer","https://www.communityvisioncapital.org/","Active",""
"Accion Opportunity Fund (CA)","External program","Accion Opportunity Fund is one of the nation's largest non-profit small business CDFIs offering loans $5K–$250K to underserved small businesses across California including San Diego.","Loan","Loan / debt","$5K–$250K at competitive below-market rates","2026-11-28","rolling","Rolling; next cycle when open","year round","UCSD-affiliated / Regional / local","UCSD only","All industries","Any stage","General startup support","Low","Tier 4","","Open – Rolling
BIPOC,Industry Agnostic,Womxn
One of the most accessible CDFI lenders in CA for UCSD founders from underserved backgrounds who need working capital before institutional investors are ready","https://aofund.org/","Active",""
"COIN Program (CA Organized Investment Network)","State of California","COIN encourages insurance companies to invest in affordable housing, community development, and small business CDFIs in California. Startup founders access COIN indirectly through CDFIs that receive COIN investments — effectively expanding the pool of CDFI capital available in CA.","Investment","Dilutive / equity","Varies by CDFI","2026-11-13","rolling","Via CDFI partners N/A","year round","UCSD-affiliated / Research / academic / Regional / local","UCSD only","Social impact","Any stage","Research spinout","Moderate","Tier 3","","Via CDFI partners
Industry Agnostic
COIN increases the capital available through CA CDFIs — foundationally supports the CDFI ecosystem that UCSD underrepresented founders rely on for early capital","https://www.insurance.ca.gov/0250-insurers/0700-coin/","Active",""
"Startup San Diego (EDC Initiative)","San Diego ecosystem","Annual initiative by San Diego Regional EDC culminating in Startup Week San Diego — week of free events, workshops, investor pitches, and networking for SD founders and startups. Startup SD connects the entire San Diego startup ecosystem.","Grant","Non-dilutive","Free events; pitch competition prizes $5K–$25K","2027-01-31","expected","Next annual cycle (2027)","annual","UCSD-affiliated / Regional / local","UCSD only","All industries","Any stage","Networking / support","Strong","Tier 2","","Open – Registration
Industry Agnostic
Startup San Diego is the most important annual gathering of SD's startup ecosystem — critical for UCSD founders to build local investor and customer relationships","https://startupsd.org/","Active","checked"
"San Diego Workforce Partnership (SDWP)","San Diego ecosystem","SDWP connects employers (including startups) with training programs, hiring incentives, and talent pipelines. Offers On-the-Job Training (OJT) subsidies paying up to 50% of new hire wages during training period. Critical resource for startups making early hires in San Diego.","Grant","Non-dilutive","Up to 50% wage reimbursement during OJT period (typically 3–6 months)","2026-11-28","rolling","Rolling; next cycle when open","annual","UCSD-affiliated / Regional / local","UCSD only","Software / AI","Any stage","Software / digital","Strong","Tier 2","","Open – Rolling
Industry Agnostic
SDWP subsidizes 50% of early employee wages for SD startups — directly reduces burn rate during first hires
Essential for lean UCSD teams growing in San Diego","https://workforce.org/","Active","checked"
"Chula Vista Innovation District","External program","Chula Vista operates an Innovation District that provides resources, space, networking, and pilot opportunities for cleantech, smart cities, and deep-tech startups. Located south of San Diego near the US-Mexico border. Active smart city testbed infrastructure.","Incubator","Non-cash support","Subsidized or free space; pilot project funding varies; no direct grants for most programs","2026-11-28","rolling","Rolling; next cycle when open","annual","UCSD-affiliated / Regional / local","UCSD only","Climate / energy","Prototype","Climate / cleantech","Strong","Tier 2","","Open – Rolling
Energy,Green Energy,GreenTech
Chula Vista's smart city testbed is a unique regional asset
UCSD founders can pilot technologies in a real city environment just 20 minutes from campus","https://www.chulavistaca.gov/departments/economic-development/innovation-district","Not Active",""
"IE Hub (Inland Empire Innovation Hub)","External program","Regional startup hub serving the Inland Empire (Riverside / San Bernardino counties) with virtual programs accessible to all SoCal founders. Provides mentorship, workshops, pitch competition access, and connections to IE-based investors. Virtual programming is accessible to SD founders.","Incubator","Non-cash support","Free mentorship; competition prizes $1K–$25K","2026-11-28","rolling","Rolling; next cycle when open","annual","UCSD-affiliated / Regional / local","UCSD only","All industries","Any stage","Networking / support","Strong","Tier 2","","Open – Rolling
Industry Agnostic
Virtual IE Hub programs let UCSD founders tap a different investor network with less competition than SD/LA
IE-based angels often prefer SoCal-grounded companies","https://iehub.network/","Not Active",""
"Inland SoCal Accelerator","External program","Network of accelerator programs spanning the Inland Empire region including programs at Cal Poly Pomona and UC Riverside. Offer startup cohorts, business plan competitions, and mentorship. Remote-accessible programming allows SD-based founders to participate.","Competition","Non-dilutive","$5K–$50K competition prizes; free mentorship and workshops","2026-11-13","rolling","Next open solicitation window","year round","UCSD-affiliated","UCSD only","Software / AI","Any stage","Software / digital","Strong","Tier 2","","Per-program
Industry Agnostic,Logistics/Supply Chain
Cal Poly Pomona and UCR programs are less competitive than LA/SD accelerators — valuable for UCSD founders wanting guaranteed mentorship and pitch practice","https://ihub.ucr.edu/","Active","checked"
"Pasadena Angels","External program","One of the oldest and most active angel networks in Southern California (since 2000), with 100+ members. Invests $25K–$500K per deal, with syndication possible. Accepts applications from SoCal-wide founders including San Diego. Portfolio includes tech, biotech, and consumer companies.","Investment","Dilutive / equity","$25K–$500K per deal; syndication increases total","2026-11-28","rolling","Rolling; next cycle when open","quarterly","UCSD-affiliated / Regional / local","UCSD only","Healthcare / life sciences","Any stage","Research spinout","Moderate","Tier 3","","Open – Rolling applications
Industry Agnostic,LifeSci,Tech
One of SoCal's most active angel networks
UCSD founders can apply remotely and pitch via video — Pasadena Angels actively invests outside the immediate LA geography","https://www.pasadenaangels.com/entrepreneurs","Active",""
"OC Startup Council & Programs","External program","Silicon Beach-adjacent startup ecosystem centered in Orange County. OC Startup Council connects OC founders and investors and runs programming accessible to SD-based founders given geographic proximity. Annual OC Startup Summit and investor matching events are open to all SoCal founders.","Accelerator","Non-dilutive","Free events; no direct capital","2026-11-28","rolling","Rolling; next cycle when open","annual","UCSD-affiliated / Open to all / Regional / local","UCSD only","All industries","Any stage","Early-stage team","Low","Tier 4","","Open – Rolling membership
Industry Agnostic
OC's innovation ecosystem is underutilized by SD founders
OC angels and family offices are 90 minutes from UCSD and less competitive than LA or SD investor circles","https://ocstartupcouncil.org/","Active",""
"New Energy Nexus California Programs","State of California","New Energy Nexus administers CalSEED on behalf of CEC and runs its own entrepreneur support programs globally. In California, NEN provides clean energy entrepreneur training, network access, and connections to investment. Their San Francisco base connects to global clean energy networks.","Accelerator","Non-dilutive","Free programs; access to CalSEED and other grants","2026-11-28","rolling","Rolling; next cycle when open","annual","UCSD-affiliated / Open to all","UCSD only","Climate / energy","Any stage","Climate / cleantech","Strong","Tier 2","","Open – Rolling
Energy,Green Energy,GreenTech
NEN directly administers CalSEED — connecting with NEN before applying to CalSEED significantly increases application quality and chance of success for UCSD cleantech founders","https://www.newenergynexus.com/california/","Active","checked"
"USDA REAP (Rural Energy for America Program)","State of California","REAP provides grants (up to 25% of project cost) and guaranteed loans for renewable energy systems and energy efficiency improvements for agricultural producers and rural small businesses in California. Competitive solicitations annually.","Grant","Dilutive / equity","Grants up to 25% of project cost (max $500K); loans up to $25M","2027-01-31","expected","Next annual cycle (2027)","annual","UCSD-affiliated","UCSD only","Climate / energy","Any stage","Climate / cleantech","Strong","Tier 2","","Open – Annual solicitations
Agriculture,Energy,Green Energy,GreenTech
For UCSD cleantech and agtech founders whose technology is deployed in rural CA — REAP is a federal grant-funded pilot pathway with minimal equity dilution","https://www.rd.usda.gov/programs-services/energy-programs/rural-energy-america-program-renewable-energy-systems-energy-efficiency-improvement-guaranteed-loans-ca","Active","checked"
"CDFA Agricultural Commissioner Pest Management Research","External program","CDFA funds pest management and biological solutions research to support CA agriculture innovation. Relevant for biotech and agtech startups developing pesticide alternatives or integrated pest management tools.","Grant","Non-dilutive","$50K–$500K (varies)","2027-01-31","expected","Next annual cycle (2027)","annual","UCSD-affiliated / Research / academic","UCSD only","Healthcare / life sciences","Any stage","Research spinout","Moderate","Tier 3","","Agriculture,LifeSci,Tech
Niche but valuable for UCSD biotech spinouts developing biological pest control or precision ag applications","https://www.cdfa.ca.gov/plant/ipc/vertebrates/","Active",""
"California Life Sciences (CLS)","State of California","CLS supports early-stage life sciences companies in California, offering mentorship, industry connections, investor introductions, and peer cohort support.","Accelerator","Non-dilutive","Free program; mentorship; investor intros; no direct cash grant","2027-01-31","expected","Next annual cycle (2027)","annual","UCSD-affiliated / Regional / local","UCSD only","Healthcare / life sciences","Idea","Research spinout","Excellent","Tier 1","","EdTech,LifeSci,Medtech,Tech
Premier CA life sciences accelerator with deep San Diego ties
UCSD biotech and medtech founders gain critical investor and partner introductions","https://www.califesciences.org/entrepreneurship/","Active","checked"
"LA Cleantech Incubator (LACI) Market Access Program","San Diego ecosystem","LACI's Market Access program supports cleantech entrepreneurs with co-working space, mentorship, pilot grants, and connections to utilities, government, and investors. Open to CA cleantech startups.","Accelerator","Non-dilutive","Pilot grants up to $50K–$150K; co-working; mentorship","2026-11-13","expected","Active Cohort-based","annual","General access","National / U.S.","Climate / energy","Prototype","Climate / cleantech","Excellent","Tier 1","","Energy,Green Energy,GreenTech
The Market Access Program connects growth-stage cleantech companies with strategic customers, partners, capital, and deployment opportunities to accelerate market adoption across Greater LA","https://laincubator.org/market-access/","Active","checked"
"LA Cleantech Incubator (LACI) Incubation Program","San Diego ecosystem","Incubation program supporting groundbreaking startups that have a cleantech solution addressing clean energy, zero-emissions transportation, or circular economy with a focus on smart & sustainable cities.","Incubator","Non-cash support","6-month curriculum, advisory services through EIRs, pilot funding, and a community of over 520 founders building climate solutions for LA and beyond.","2026-11-13","expected","Active Cohort-based","annual","General access","National / U.S.","Climate / energy","Any stage","Climate / cleantech","Strong","Tier 2","","Artificial Intelligence,BIPOC,Energy,Green Energy,GreenTech,Sustainability
Eligible startups may also unlock financial support through LACI’s in-house Impact and Debt Funds to accelerate deployment and growth","https://laincubator.org/programs/","Active","checked"
"CAMEO California Microlending Network","State of California","CAMEO is California's network of micro-lenders and small business support organizations. Connects entrepreneurs to CDFI lenders, micro-loan programs, and technical assistance throughout California.","Loan","Loan / debt","$1K–$250K (varies by member lender)","2026-11-28","rolling","Rolling; next cycle when open","year round","UCSD-affiliated / Regional / local","UCSD only","All industries","Any stage","Networking / support","Moderate","Tier 3","","Industry Agnostic
CAMEO's statewide lender network helps UCSD founders who need small amounts of capital access CDFIs that look beyond credit scores to character and business potential","https://cameonetwork.org/members","Active",""
"Valley Economic Development Center (VEDC) Small Business Loans","External program","One of California's largest nonprofit small business lenders, VEDC provides SBA microloans, CDFi loans, and technical assistance to underserved entrepreneurs across California.","Loan","Loan / debt","$5K–$500K (varies by program)","2026-11-28","rolling","Rolling; next cycle when open","year round","UCSD-affiliated / Regional / local","UCSD only","Social impact","Any stage","Social impact","Moderate","Tier 3","","Industry Agnostic
Important capital source for UCSD founders in Southern California who don't yet qualify for traditional bank loans
VEDC advisors have deep SoCal ecosystem knowledge","http://valleyeconomicdevelopmentcenter.com/","Active",""
"Caltech Office of Technology Transfer & Corporate Partnerships","Federal program","Caltech's technology transfer office and corporate partnerships program supports startup formation from Caltech research and provides pathways for external companies to license Caltech IP and engage in collaborations.","Grant","Non-dilutive","IP licensing, research collaboration, startup formation support","2026-11-28","rolling","Rolling; next cycle when open","year round","UCSD-affiliated / Research / academic","UCSD only","Engineering / technology","Any stage","Research spinout","Strong","Tier 2","","Artificial Intelligence,LifeSci
UCSD deep-tech founders can explore Caltech IP licensing or cross-institutional collaboration
Caltech has world-class IP in physics, quantum, and engineering","https://innovation.caltech.edu/","Active","checked"
"California iHub (Innovation Hub) Program","State of California","The California iHub program designates regional innovation hubs that connect startups with university research, state resources, and industry partners. San Diego has a designated iHub.","Grant","Non-dilutive","Access to iHub network, state agency connections, partner resources","2026-11-28","rolling","Rolling; next cycle when open","year round","UCSD-affiliated / Research / academic / Regional / local","UCSD only","All industries","Any stage","Research spinout","Excellent","Tier 1","","GreenTech,Industry Agnostic,LifeSci
San Diego's iHub status formalizes state-level support for the region's startup ecosystem
gives UCSD founders official pathways to state agency partnerships and resources","https://calosba.ca.gov/funding-grants-incentives/accelerate-california/","Active","checked"
"California Competes Tax Credit (CCTC)","State of California","A dedicated allocation within California Competes for small businesses. Lower minimum thresholds for small firms competing for tax credit awards based on job creation and investment commitments.","Grant","Non-dilutive","$20K–$2M for small business applicants","2026-11-13","expected","Active FY2025-26 windows: October 2025; January 2026; March 2026","annual","UCSD-affiliated","UCSD only","All industries","Any stage","General startup support","Moderate","Tier 3","","Industry agnostic
Even a $50K tax credit meaningfully extends a UCSD spinout's runway
the small business track lowers thresholds making this accessible at the early-growth stage","https://www.ftb.ca.gov/file/business/credits/california-competes-tax-credit.html","Active",""
"California Air Resources Board Low Carbon Transportation Investments and AQIP","State of California","CARB's Low Carbon Transportation Investments and Air Quality Improvement Program provides grants for clean vehicle technology demonstration and deployment. Startups can partner with fleet operators or utilities.","Grant","Non-dilutive","$1M–$50M+ (program-level); individual project grants vary","2027-01-31","expected","Next annual cycle (2027)","annual","UCSD-affiliated","UCSD only","Software / AI","Any stage","Software / digital","Strong","Tier 2","","Transportation
One of California's largest clean transportation grant pools
UCSD founders in EV, fuel cell, or autonomous zero-emission vehicles can access through fleet or utility partnerships","https://ww2.arb.ca.gov/our-work/programs/low-carbon-transportation-investments-and-air-quality-improvement-program","Active","checked"
"California GO-Biz Small Business Advocate Technical Assistance","State of California","CalOSBA coordinates state small business support resources, advocates for small businesses in state policy, and provides connections to SBDC, Women's Business Centers, and state procurement opportunities.","Grant","Non-dilutive","Resource navigation, policy advocacy, state procurement connections, referrals to capital programs","2026-11-28","rolling","Rolling; next cycle when open","year round","UCSD-affiliated / Research / academic / Regional / local","UCSD only","Software / AI","Any stage","Networking / support","Strong","Tier 2","","Veterans & family,Womxn
CalOSBA is the state's central small business navigator
UCSD founders can use this as a starting point to map all available state programs relevant to their sector and stage","https://calosba.ca.gov/","Active","checked"
"NSF I-Corps Team","Federal program","Intensive 7-week customer discovery program for NSF-funded researchers and startup teams. Teams receive $50K to conduct 100+ customer interviews to validate commercial potential of their technology.","Grant","Non-dilutive","$50,000 (team stipend for customer discovery activities)","2026-11-13","expected","Next open solicitation window","annual","UCSD-affiliated / Research / academic","UCSD only","All industries","Traction","Research spinout","Excellent","Tier 1","","Industry agnostic
Fastest path from UCSD lab to startup validation
$50K non-dilutive
UCSD has its own I-Corps site node
builds investor-ready narrative","https://www.nsf.gov/funding/initiatives/i-corps","Active","checked"
"National Science Foundation Translation to Practice (NSF TTP)","Federal program","The National Science Foundation Translation to Practice (NSF TTP) program funds projects that move STEM research from the lab into real-world use, including new products, services, processes, startups, open-source initiatives, and industry deployments. It supports technologies at different stages of maturity through three tracks: Explore (early translational work), Translate (technology maturation), and Partner (commercialization with external partners). The program is open across scientific disciplines and aims to accelerate societal and economic impact from research.","Grant","Non-dilutive","Approximately $30 million available, with an estimated 29 awards.","2026-11-28","rolling","Rolling; next cycle when open","annual","UCSD-affiliated / Research / academic","UCSD only","Social impact","Prototype","Research spinout","Excellent","Tier 1","","Research-based commercialization, STEM
Bridges UCSD research to industry partnerships
can fund spinout formation and early prototype
complements SBIR/STTR pathway","https://www.nsf.gov/funding/opportunities/nsf-ttp-national-science-foundation-translation-practice/nsf25-540/solicitation","Active","checked"
"NSF Convergence Accelerator","Federal program","Accelerates use-inspired convergence research teams addressing national-scale societal challenges. Phase 1 planning grants followed by competitive Phase 2 awards. Annual new cohort themes selected via public ideation.","Grant","Non-dilutive","Phase 1: up to $750,000 (12 months); Phase 2: up to $5,000,000 (24 months)","2027-01-31","expected","Next annual cycle (2027)","annual","UCSD-affiliated / Research / academic","UCSD only","All industries","Idea","Research spinout","Excellent","Tier 1","","Open (annual cohort selection)
Industry Agnostic
Massive awards for complex societal problems
UCSD teams well-positioned for interdisciplinary themes
Phase 2 of $5M is rare for academic spinouts","https://www.nsf.gov/funding/initiatives/convergence-accelerator","Active","checked"
"NIH SBIR Phase I","Federal program","Funds feasibility studies for biomedical, health, and behavioral technology innovations. Multiple NIH institutes each run their own SBIR solicitations with specific topic areas. Awards are up to $300K direct costs.","Grant","Non-dilutive","Up to $300,000 direct costs (typically 6-12 months; can vary by institute)","2026-11-28","rolling","Rolling; next cycle when open","annual","UCSD-affiliated / Research / academic","UCSD only","Healthcare / life sciences","Any stage","Research spinout","Moderate","Tier 3","","Open / Rolling
EdTech,LifeSci,Medtech,Tech
Premier non-dilutive funding for biotech/medtech startups
UCSD health sciences spinouts can leverage UCSD Med faculty relationships
each NIH institute has unique priority areas","https://seed.nih.gov","Active",""
"NIH NCI SBIR Program","Federal program","NCI's dedicated SBIR program funding cancer-related technologies including diagnostics, therapeutics, imaging, and AI tools. NCI is one of the largest NIH institute SBIR funders. Also offers SBIR Direct programs and Innovation Lab.","Grant","Non-dilutive","Phase I: up to $300K; Phase II: up to $2M+ (NCI allows higher caps for some mechanisms)","2026-11-28","rolling","Rolling; next cycle when open","annual","UCSD-affiliated / Research / academic / Regional / local","UCSD only","Software / AI","Any stage","Research spinout","Strong","Tier 2","","Open / Rolling
LifeSci,Tech
San Diego is a major oncology hub
UCSD Moores Cancer Center provides ideal STTR partnerships
NCI among highest SBIR success rates","https://sbir.cancer.gov","Active","checked"
"NIH Blueprint MedTech Incubator","Federal program","Supports development of medical devices, digital health tools, and tech solutions for neurological and mental health conditions. Offers SBIR funding plus curated mentorship from NIH Blueprint institute experts.","Incubator","Non-cash support","Phase I: up to $300K; Phase II: up to $1M (plus access to Blueprint institute expertise)","2026-11-13","expected","Open Standard NIH receipt dates","annual","UCSD-affiliated","UCSD only","Healthcare / life sciences","Any stage","Research spinout","Strong","Tier 2","","EdTech,HealthTech,Medtech
UCSD's strong neuroscience and neuroengineering programs (Calit2, HHMI) provide ideal partnership base
mentorship from 10+ NIH institutes","https://www.nih.gov/nih-blueprint-neuroscience-research/blueprint-research-initiatives/blueprint-medtech","Active","checked"
"NIH Commercialization Readiness Pilot (CRP)","Federal program","Provides supplemental funding and resources to Phase II SBIR/STTR awardees to strengthen commercialization activities including regulatory strategy, business development, and investor readiness.","Grant","Non-dilutive","Up to $50,000 supplemental award; plus access to mentors and commercialization curriculum","2026-11-13","expected","Next open solicitation window","occasionally","UCSD-affiliated","UCSD only","Healthcare / life sciences","Prototype","Research spinout","Excellent","Tier 1","","Open (institute-specific)
EdTech,LifeSci,Medtech,Tech
Helps UCSD spinouts bridge the 'valley of death' between Phase II completion and Series A
regulatory and investor-readiness focus","https://grants.nih.gov/funding/activity-codes/SB1","Active","checked"
"NIH NCATS Translational Science Programs","Federal program","Multiple programs to accelerate translation of basic discoveries into treatments: CTSA (Clinical Translational Science Awards), Rare Diseases programs, and SBIR supplements. NCATS funds innovation in the translational pipeline.","Grant","Non-dilutive","Varies by program: CTSA awards can be $10M+; SBIR supplements up to $150K","2026-11-28","rolling","Rolling; next cycle when open","occasionally","UCSD-affiliated","UCSD only","All industries","Any stage","Early-stage team","Strong","Tier 2","","Open / Rolling
UCSD is a CTSA hub (ACTRI)
provides infrastructure access and co-development partnerships for UCSD-affiliated startup founders","https://ncats.nih.gov","Active","checked"
"NIH HEAL Initiative","Federal program","Helping to End Addiction Long-term Initiative — funds development of non-addictive pain treatments, overdose reversal, and opioid use disorder interventions. Dedicated SBIR/STTR opportunities within HEAL.","Grant","Non-dilutive","Varies; SBIR/STTR within HEAL: up to $300K Phase I; up to $1M+ Phase II","2026-11-13","expected","Open Standard NIH receipt dates","annual","UCSD-affiliated / Research / academic","UCSD only","Software / AI","Any stage","Software / digital","Moderate","Tier 3","","Artificial Intelligence,LifeSci
Massive NIH investment area ($3B+ committed)
UCSD pain research programs and HHMI connections make this a priority track","https://heal.nih.gov","Active",""
"DOE ARPA-E OPEN Program","Federal program","Funds transformational, high-risk/high-reward energy technologies that fall outside current ARPA-E focus areas. Open to all energy sectors — no topic restrictions. Highly competitive and prestigious.","Grant","Non-dilutive","Typical awards: $500,000 – $10,000,000 (average ~$2-3M); cost-share sometimes required","2026-11-13","expected","Next open solicitation window","annual","UCSD-affiliated / Student + alumni / Open to all","UCSD only","Climate / energy","Any stage","Climate / cleantech","Moderate","Tier 3","","Periodic (OPEN solicitations every ~2 years)
Artificial Intelligence,Energy,GreenTech
Most prestigious energy technology award
transforms startups into fundable companies
alumni attract $10x+ in follow-on
ideal for UCSD energy/cleantech spinouts","https://arpa-e.energy.gov/technologies/open","Active",""
"DOE SBIR Phase I","Federal program","Funds feasibility of innovative technologies aligned with DOE mission areas: energy production, fundamental science, nuclear nonproliferation, environmental management. Now managed by DOE OTC after April 2026 consolidation.","Grant","Non-dilutive","Up to ~$225,000 (6 months); varies by subtopic","2027-01-31","expected","Next annual cycle (2027)","annual","UCSD-affiliated / Research / academic","UCSD only","Climate / energy","Prototype","Climate / cleantech","Strong","Tier 2","","Energy,GreenTech
Broad energy/science mandate covers many UCSD research areas
DOE National Lab partnerships facilitated by program
reauthorized through FY2031","https://www.energy.gov/technologycommercialization/doe-small-business-innovation-research-sbir-and-small-business","Active","checked"
"DOE EERE Funding Opportunities","External program","Broad portfolio of funding opportunity announcements (FOAs) for energy efficiency and renewable energy R&D. Covers solar, wind, buildings, vehicles, grid modernization, bioenergy, and advanced manufacturing.","Grant","Non-dilutive","Varies widely: $500K to $50M+ depending on FOA; cost-share often 20-50%","2026-11-13","expected","Next open solicitation window","annual","UCSD-affiliated / Research / academic","UCSD only","Climate / energy","Any stage","Climate / cleantech","Moderate","Tier 3","","Open / Periodic
Energy,GreenTech
UCSD's energy and sustainability research (CalBio, CNSI) aligns well
teaming with UCSD as research sub makes proposals competitive","https://eere-exchange.energy.gov/","Active",""
"DOE Office of Energy Dominance Financing (EDF)","External program","Provides loan guarantees and direct loans for innovative energy projects. Under Trump administration (2025), LPO was rebranded as EDF with focus on energy security, grid reliability, AI energy infrastructure, and energy dominance.","Grant","Dilutive / equity","$2M – $10B+ (large project financing); varies by program","2026-11-13","rolling","Next open solicitation window","year round","UCSD-affiliated","UCSD only","Climate / energy","Any stage","Climate / cleantech","Strong","Tier 2","","Periodic / Application by invitation
Artificial Intelligence,Energy
Critical for cleantech founders at commercial scale
helps bridge equity gap for capital-intensive projects
relevant for UCSD energy spinouts reaching project-finance stage","https://www.energy.gov/EDF","Active","checked"
"DOE Water Power Technologies (Hydropower & Marine Energy)","External program","Supports hydropower modernization and marine/ocean energy (wave, tidal, current) R&D through grants, prizes, and competitive funding. Includes MHK (Marine and Hydrokinetic) device development.","Grant","Non-dilutive","Varies: $100K to several million depending on FOA; prizes $20K-$500K","2026-11-13","expected","Next open solicitation window","annual","UCSD-affiliated","UCSD only","Climate / energy","Any stage","Climate / cleantech","Moderate","Tier 3","","Open / Periodic
Energy,Ocean Sciences
UCSD's Scripps Institution of Oceanography and ocean engineering programs make this a natural fit for ocean energy spinouts","https://www.energy.gov/cmei/water/hydropower-and-hydrokinetic-office","Active",""
"Air Force SBIR/STTR Phase I (AFWERX)","Federal program","Air Force's SBIR/STTR program administered through AFWERX. Three pathways: SBIR Open (broad topics), SBIR Strategic (specific AF needs), and Direct to Phase II (skip Phase I for mature tech). Covers aerospace, autonomy, cyber, space, AI.","Grant","Non-dilutive","Phase I: up to $275,000 (6 months); Direct-to-Phase-II: up to $1,500,000","2026-11-13","expected","Next open solicitation window","annual","UCSD-affiliated / Regional / local","UCSD only","Defense / dual-use","Any stage","Software / digital","Strong","Tier 2","","Aerospace,Artificial Intelligence
AFWERX is among most startup-friendly DOD SBIR programs
Direct-to-Phase-II ideal for UCSD spinouts with mature tech
San Diego is major AF base region","https://afwerx.com","Active","checked"
"Army SBIR/STTR Phase I","Federal program","Army SBIR program covering ground vehicles, soldier systems, robotics, communications, cybersecurity, and energy. AAL provides startup-friendly on-ramp with pitch competitions and SBIR topics.","Grant","Non-dilutive","Phase I: up to $275,000 (6 months)","2026-11-13","expected","Next open solicitation window","annual","UCSD-affiliated","UCSD only","Climate / energy","Any stage","Climate / cleantech","Strong","Tier 2","","Aerospace,Robotics & Autonomous Systems
Strong demand for dual-use robotics, communications, and cyber tech — areas where UCSD ECE and CSE spinouts excel","https://arl.army.mil/sbir/","Active","checked"
"Navy SBIR/STTR Phase I","Federal program","Navy SBIR covering undersea systems, shipboard systems, aviation, electronics, cyber, AI/ML, hypersonics, and unmanned systems. ONR is particularly innovative in SBIR program management.","Grant","Non-dilutive","Phase I: up to $275,000 (6 months)","2026-11-13","expected","Next open solicitation window","annual","UCSD-affiliated / Regional / local","UCSD only","Defense / dual-use","Any stage","Software / digital","Strong","Tier 2","","Aerospace,Artificial Intelligence,BlueTech
San Diego is the Navy's largest base — massive local customer base
UCSD's close Navy relationships (NPS, NAWCWD Pt Mugu) create unique transition advantages","https://www.navysbir.com","Active","checked"
"DARPA SBIR/STTR","Federal program","DARPA manages its own SBIR/STTR program through the DARPA Small Business Programs Office (SBPO). Supports radical, game-changing technologies for national security with higher risk tolerance than other agencies.","Grant","Non-dilutive","Phase I: up to $275,000; Phase II: up to $1,500,000 (DARPA topics can authorize larger)","2026-11-13","expected","Next open solicitation window","annual","General access","National / U.S.","Defense / dual-use","Any stage","Hardware / prototype","Strong","Tier 2","","Aerospace,Artificial Intelligence,LifeSci,Robotics & Autonomous Systems,Tech
DARPA stamp of approval is the ultimate technical validation
alum companies attract major DOD contracts and VC attention
DARPAConnect provides mentorship","https://www.darpa.mil/work-with-us/communities/small-business","Active","checked"
"DARPA Young Faculty Award (YFA)","Federal program","Supports junior faculty at U.S. universities engaged in novel research relevant to national security. Exposes academic researchers to DARPA program development. Long-term goal: build next generation of national security researchers.","Grant","Non-dilutive","$500,000 – $1,000,000 over 2 years (research + equipment); select recipients may receive Director's Fellowship","2027-01-31","expected","Next annual cycle (2027)","annual","UCSD-affiliated / Research / academic","UCSD only","Defense / dual-use","Any stage","Research spinout","Strong","Tier 2","","Open (annual)
Artificial Intelligence,LifeSci,Tech
Ideal for UCSD faculty considering spinouts
DARPA relationship is powerful for future SBIR/STTR submissions
YFA often precedes company formation","https://www.darpa.mil/work-with-us/communities/academia/young-faculty-award","Active","checked"
"SOFWERX (USSOCOM)","External program","Innovation hub for U.S. Special Operations Forces connecting commercial technology companies with SOCOM needs. Hosts challenges, prototype events, and Other Transaction Authority (OTA) agreements. Focus: unconventional warfare enablers.","Competition","Non-dilutive","OTA awards: $100K – $10M+; challenge prizes: varies","2026-11-13","rolling","Open / Event-Based Ongoing challenges; check sofwerx.org","occasionally","General access","National / U.S.","Defense / dual-use","Prototype","Hardware / prototype","Strong","Tier 2","","Open / Event-Based
Aerospace,Robotics & Autonomous Systems
SOCOM is the fastest-moving DOD buyer
OTA can be awarded in weeks not years
ideal for dual-use tech with human performance or autonomous systems applications","https://www.sofwerx.org","Active","checked"
"Defense Innovation Unit (DIU) Other Transaction Authority","External program","DIU bridges commercial technology to DOD through OT (Other Transaction) authority — no FAR/DFAR restrictions. Focuses on AI, autonomy, cyber, space, and human systems. Commercial companies retain IP. Process designed to be startup-friendly.","Grant","Non-dilutive","Prototype OTA: typically $1M – $50M+; follow-on production contracts can be $100M+","2026-11-28","rolling","Rolling; next cycle when open","quarterly","UCSD-affiliated","UCSD only","Defense / dual-use","Traction","Software / digital","Strong","Tier 2","","Open (rolling solicitations)
Aerospace,Artificial Intelligence
No FAR/DFAR compliance required
company retains IP
fastest path from commercial product to DOD customer
highly relevant for AI/ML startups from UCSD","https://www.diu.mil/work-with-us","Active","checked"
"NavalX Tech Bridge","External program","Network of Tech Bridge nodes embedded in U.S. cities connecting startups and commercial companies to Navy/Marine Corps needs. Facilitates CRADAs, technical agreements, and SBIR/OTA pathways. Not direct funding — matchmaking and facilitation.","Grant","Non-dilutive","No direct grant; facilitates CRADA and SBIR connections","2026-11-28","rolling","Rolling; next cycle when open","annual","Regional / local","San Diego region","Defense / dual-use","Traction","Networking / support","Strong","Tier 2","","Open / Rolling
Aerospace,BlueTech
San Diego NavalX hub is one of the most active
direct access to Navy base commanders and program managers
ideal first step before Navy SBIR application","https://nwtechbridge.org/learn-what-the-navalx-tech-bridge-can-do-for-you/","Active","checked"
"Army Applications Laboratory (AAL)","External program","Startup-facing innovation arm of Army Futures Command. Runs prize challenges, pitch competitions, and OTA prototype awards to connect commercial tech to Army needs. Lower administrative burden than traditional procurement.","Competition","Non-dilutive","Challenge prizes: $10K – $500K; OTA awards: $1M – $20M+","2026-11-13","rolling","Open / Event-Based Ongoing; check aal.army.mil","annual","UCSD-affiliated / Research / academic","UCSD only","Climate / energy","Prototype","Research spinout","Excellent","Tier 1","","Open / Event-Based
Aerospace,Artificial Intelligence,Energy,Logistics/Supply Chain,Robotics & Autonomous Systems
AAL is the Army's startup accelerator equivalent
pitch events in Austin with direct Army acquisition decision-makers
great entry point for UCSD spinouts","https://aal.mil/","Active","checked"
"NASA SBIR Phase I","Federal program","Funds development of innovative technologies relevant to NASA mission areas: space exploration, science, aeronautics, and Earth observation. In 2026, NASA transitioned to a Broad Agency Announcement (BAA) model for increased flexibility.","Grant","Non-dilutive","Phase I: up to $150,000 (6 months) under traditional model; BAA awards may vary","2026-11-13","expected","Open (BAA model as of 2026) Check nasa.gov/sbir_sttr for current BAA windows","annual","UCSD-affiliated","UCSD only","Engineering / technology","Any stage","General startup support","Moderate","Tier 3","","Open (BAA model as of 2026)
Aerospace
NASA SBIR has highest Phase III commercialization rate
prestigious for aerospace hardware
UCSD aerospace engineering spinouts well-positioned
BAA offers more flexibility","https://www.nasa.gov/sbir_sttr/","Active",""
"NASA iTech Initiative","External program","Forum for innovators to present technologies that address significant challenges in space exploration. Non-SBIR pathway — pitch-based selection process. Provides visibility and potential NASA partnership rather than direct grant.","Competition","Non-dilutive","No direct grant (recognition and facilitation only)","2026-11-13","expected","Open (when active) Check nasa.gov for current cohort status","annual","General access","National / U.S.","Healthcare / life sciences","Any stage","Climate / cleantech","Moderate","Tier 3","","Open (when active)
Aerospace,Energy,LifeSci
High-visibility NASA endorsement
can open doors to NASA partnerships and SBIR follow-on
ideal for space biotech and life sciences spinouts","https://www.nasa.gov/directorates/stmd/space-technology-research-grants/nasa-itech/","Not Active",""
"NASA Tournament Lab / Prizes","External program","Runs open innovation challenges on HeroX and InnoCentive platforms for NASA mission problems. Prizes for software, design, and technical solutions. Low barrier to entry.","Competition","Non-dilutive","Prizes: $5,000 – $1,000,000+ depending on challenge","2026-11-28","rolling","Rolling; next cycle when open","annual","UCSD-affiliated / Student-only / Research / academic","UCSD only","Software / AI","Any stage","Research spinout","Strong","Tier 2","","Open / Rolling
Aerospace,Software
Low-effort entry
builds NASA relationship
some challenges have led to SBIR invitations
good for UCSD student-founded startups","https://www.nasa.gov/directorates/stmd/prizes-challenges-crowdsourcing-program/center-of-excellence-for-collaborative-innovation-coeci/nasa-tournament-lab/","Active","checked"
"SBA 7(a) Loan Guarantee Program","External program","SBA's primary business loan program guarantees up to 85% of loans made by participating lenders. Can be used for working capital, equipment, real estate, and business acquisition. Max loan $5M. Apply through SBA-approved lenders.","Loan","Loan / debt","Up to $5,000,000 (85% SBA guarantee for loans ≤$150K; 75% above)","2026-11-28","rolling","Rolling; next cycle when open","annual","Regional / local","National / U.S.","All industries","Any stage","Software / digital","Moderate","Tier 3","","Open / Rolling
Industry Agnostic
Accessible debt financing for growth-stage startups
lower interest rates than commercial loans due to SBA guarantee
useful when venture funding is insufficient","https://www.sba.gov/loans/7a-loans/","Active",""
"SBA 504 Loan Program","External program","Long-term, fixed-rate financing for major fixed assets (real estate, heavy equipment, manufacturing build-out). Delivered through Certified Development Companies (CDCs). Max $5.5M. Cannot be used for working capital.","Loan","Dilutive / equity","Up to $5,500,000 (SBA debenture portion); typically structured as 50% senior lender + 40% CDC/SBA + 10% equity","2026-11-28","rolling","Rolling; next cycle when open","annual","Regional / local","National / U.S.","Climate / energy","Any stage","Early-stage team","Low","Tier 4","","Open / Rolling
Artificial Intelligence
Ideal for hardware/cleantech startups building manufacturing capacity
low fixed interest rate
enables asset-backed financing without diluting equity","https://www.sba.gov/loans/504-loans/","Active",""
"SBA Microloan Program","External program","Provides loans up to $50,000 for startup and small business working capital, inventory, supplies, and equipment. Delivered through SBA-approved nonprofit microlenders who also provide technical assistance.","Loan","Loan / debt","Up to $50,000 (average ~$13,000); repayment up to 7 years; interest 8-13%","2026-11-28","rolling","Rolling; next cycle when open","annual","UCSD-affiliated","UCSD only","Social impact","Any stage","Social impact","Moderate","Tier 3","","Open / Rolling
Industry Agnostic
Lowest-barrier SBA loan
ideal for pre-revenue UCSD founders needing small working capital
often paired with SCORE mentoring","https://www.sba.gov/loans/microloans/","Active",""
"SBA Small Business Investment Company (SBIC)","External program","SBA-licensed private investment funds that receive SBA leverage (2:1 on private capital) to invest in U.S. small businesses. Over 300 active SBICs deploy equity and debt in startups. Founders access SBIC capital like any VC/PE.","Investment","Dilutive / equity","Typical SBIC investment: $250K – $5M per company; fund size $25M – $350M","2026-11-13","rolling","Open (connect with SBIC funds) Ongoing through individual SBIC fund relationships","year round","General access","National / U.S.","Social impact","Any stage","Social impact","Low","Tier 4","","Open (connect with SBIC funds)
Industry Agnostic
Over $6B deployed annually via SBIC network
SBICs often co-invest with venture funds
provides equity with SBA seal of approval for later government contracting","https://www.sba.gov/for-partners/small-business-investment-companies/","Active",""
"SBA SCORE Mentoring","External program","Nation's largest network of free, expert business mentors. 10,000+ volunteers (retired executives, entrepreneurs). Provides free mentoring, workshops, and business plan review. San Diego chapter is highly active.","Service","Non-cash support","Free (no cost to mentee)","2026-11-28","rolling","Rolling; next cycle when open","annual","UCSD-affiliated / Regional / local","UCSD only","Healthcare / life sciences","Any stage","Networking / support","Low","Tier 4","","Open / Rolling
Industry Agnostic
Most accessible resource for UCSD founders
San Diego SCORE has extensive biotech, defense, and tech mentors
ideal complement to any funding application","https://www.score.org","Active",""
"SBA Growth Accelerator Fund Competition (GAFC)","External program","Annual prize competition awarding accelerators, incubators, and entrepreneurship support organizations (not startups directly) serving underrepresented founders. Winners receive funding to grow their programs.","Competition","Non-dilutive","Prize Grant to Organization","2027-01-31","expected","Next annual cycle (2027)","annual","General access","National / U.S.","All industries","Traction","Networking / support","Moderate","Tier 3","","Must be U.S.-based accelerator or incubator
serving underrepresented or SBIR-eligible small businesses
documented track record
Industry Agnostic
#SBA #Accelerator #Incubator #GrowthFund #GAFC #EcosystemBuilding","https://legacy.sba.gov/article/2024/12/19/sba-growth-accelerator-fund-competition-accelerate-innovation-driven-ecosystem-building-9-million","Active",""
"USDA SBIR Phase I (AgTech/Food/Rural)","Federal program","USDA SBIR funds feasibility studies for technologies benefiting U.S. agriculture, food systems, bioenergy, and rural communities. Strong alignment with climate-smart agriculture, precision ag, biotech, and food security.","Grant","Non-dilutive","Phase I: up to $200,000 (12 months)","2027-01-31","expected","Next annual cycle (2027)","annual","UCSD-affiliated","UCSD only","Healthcare / life sciences","Any stage","Research spinout","Moderate","Tier 3","","Agriculture,Energy,Food and Beverage,GreenTech,LifeSci,Tech
UCSD's food and plant science programs (Salk Institute adjacency) position spinouts well
agriculture is underserved by VC — USDA SBIR fills gap","https://www.nifa.usda.gov/grants/programs/small-business-innovation-research-program-sbir","Active",""
"USDA Value-Added Producer Grant (VAPG)","External program","Supports agricultural producers adding value to their products (processing, marketing, branding). Not a typical startup grant — designed for farmer-entrepreneurs. Relevant for food/ag tech founders who are also producers.","Grant","Non-dilutive","Working capital grants: up to $75,000; Planning grants: up to $100,000; Mid-tier value chain: up to $200,000","2027-01-31","expected","Next annual cycle (2027)","annual","UCSD-affiliated","UCSD only","All industries","Prototype","Networking / support","Strong","Tier 2","","Agriculture,Artificial Intelligence,Food and Beverage,Industry Agnostic
Niche opportunity for UCSD founders who are also ag producers or working with farming cooperatives on food tech solutions
rare non-dilutive capital for food entrepreneurs","https://www.rd.usda.gov/programs-services/business-programs/value-added-producer-grants","Active","checked"
"DHS Silicon Valley Innovation Program (SVIP)","External program","Up to $2M over 24 months for startups developing technologies applicable to homeland security missions: border security, identity management, cybersecurity, disaster response, and threat detection. Non-dilutive and IP-friendly.","Grant","Non-dilutive","Up to $800,000 per phase; up to $2,000,000 over 24 months (4 phases)","2026-11-28","rolling","Rolling; next cycle when open","annual","UCSD-affiliated","UCSD only","Software / AI","Any stage","Software / digital","Moderate","Tier 3","","Open (rolling solicitations)
Cybersecurity
Open to international companies — unique among federal programs
IP stays with company
relevant for UCSD cybersecurity and AI spinouts
DHS is major federal buyer","https://www.dhs.gov/publication/st-silicon-valley-innovation-program","Active",""
"EPA People Prosperity and Planet (P3) Grant","External program","Student design competition and grant program funding sustainable solutions to environmental, economic, and social problems. Phase I for proof-of-concept; Phase II for implementation. Often university team-based.","Grant","Non-dilutive","Phase I: up to $25,000 (1 year); Phase II: up to $100,000 (1 year)","2027-01-31","expected","Next annual cycle (2027)","annual","UCSD-affiliated / Student-only / Research / academic","UCSD only","Climate / energy","Idea","Climate / cleantech","Excellent","Tier 1","","Agriculture,Artificial Intelligence,GreenTech,Sustainability
UCSD students and faculty can form P3 teams directly
$25K seed for cleantech/enviro ideas with a clear path to Phase II $100K
excellent for pre-formation teams","https://www.epa.gov/P3/learn-about-p3-program","Active","checked"
"EPA SBIR Program","Federal program","EPA SBIR funds technologies that protect human health and the environment. Topics include air quality, water treatment, waste reduction, environmental monitoring, and green chemistry. Smaller program than NIH/NSF SBIR.","Grant","Non-dilutive","Phase I: ~$100,000 (6 months); Phase II: ~$400,000 (2 years)","2027-01-31","expected","Next annual cycle (2027)","annual","UCSD-affiliated / Research / academic","UCSD only","Healthcare / life sciences","Any stage","Research spinout","Moderate","Tier 3","","Artificial Intelligence,GreenTech
Less competitive than NIH/NSF SBIR
strong alignment with UCSD water tech (Scripps) and environmental monitoring research
California environmental regulations create strong commercialization market","https://www.epa.gov/sbir","Active",""
"NIST Manufacturing Extension Partnership (MEP)","External program","Network of ~1,400 manufacturing consultants serving small and medium manufacturers in all 50 states. Provides low-cost consulting on process improvement, supply chain, workforce, cybersecurity, and tech adoption. California MEP center is CMTC.","Grant","Non-dilutive","Heavily subsidized consulting (below-market cost)","2026-11-28","rolling","Rolling; next cycle when open","annual","UCSD-affiliated / Regional / local","UCSD only","Climate / energy","Any stage","Software / digital","Moderate","Tier 3","","Open / Rolling
Aerospace,Artificial Intelligence,Tech
CMTC (California MEP) provides hands-on manufacturing scale-up support at low cost
critical for UCSD hardware/cleantech/defense startups moving to manufacturing","https://www.nist.gov/mep","Active",""
"NIST SBIR Program","Federal program","Annual SBIR Phase I competition for technologies advancing NIST strategic priorities: measurement science, cybersecurity, AI/ML, quantum information, advanced manufacturing, and bioscience metrology.","Grant","Non-dilutive","Phase I: up to ~$100,000 (6 months); Phase II: up to ~$300,000 (2 years)","2027-01-31","expected","Next annual cycle (2027)","annual","UCSD-affiliated / Research / academic","UCSD only","Software / AI","Any stage","Software / digital","Strong","Tier 2","","Artificial Intelligence,Cybersecurity
Strong fit for UCSD quantum, photonics, and cybersecurity spinouts
NIST collaboration opportunities available
reauthorized through FY2031 with program improvements","https://www.nist.gov/tpo/small-business-innovation-research-program-sbir","Active","checked"
"EDA Build to Scale (B2S) Program","External program","Funds regional entrepreneurship ecosystems and tech-based economic development. Two tracks: Venture Challenge (startup funding for regional ecosystems) and Capital Challenge (access to capital for entrepreneurs). Under current administration, status uncertain — check eda.gov.","Grant","Non-dilutive","$500,000 – $2,500,000 per award (awarded to ecosystems, not directly to startups)","2027-05-15","expected","Next open solicitation window","annual","UCSD-affiliated / Regional / local","UCSD only","Software / AI","Traction","Software / digital","Moderate","Tier 3","","UCSD and regional partners (Biocom, CONNECT) can apply as organizations
indirectly channels resources to UCSD-affiliated startups through ecosystem programming","https://www.eda.gov/funding/programs/build-to-scale","Active",""
"EDA Good Jobs Challenge","External program","Workforce development grants (originally funded by American Rescue Plan) to train workers in technology industries. Note: Original $500M program may have concluded disbursements — verify current availability at eda.gov.","Grant","Non-dilutive","Original awards $500K – $25M per coalition","2026-11-13","expected","Forecasted / Check Current Status Check eda.gov for current opportunities","annual","UCSD-affiliated / Research / academic / Regional / local","UCSD only","Software / AI","Any stage","Research spinout","Strong","Tier 2","","Forecasted / Check Current Status
Relevant for growth-stage UCSD spinouts as workforce grants fund training pipelines for tech hires
ecosystem benefit through San Diego workforce development partnerships","https://www.eda.gov/funding/programs/good-jobs-challenge","Active","checked"
"MBDA Business Center Program","External program","National network of MBDA Business Centers providing minority-owned businesses with access to capital, contracts, and technical assistance. San Diego MBDA Business Center supports minority entrepreneurs in San Diego.","Service","Non-cash support","Free or low-cost services; capital facilitation (amounts vary by deal)","2026-11-28","rolling","Rolling; next cycle when open","annual","UCSD-affiliated / Regional / local","UCSD only","All industries","Any stage","Networking / support","Moderate","Tier 3","","Open / Rolling
BIPOC,Industry Agnostic
San Diego has dedicated MBDA Center
helps UCSD minority founders access SBA loans, investors, and contracts
particularly valuable for SBIR/OTA application support","https://www.mbda.gov","Active",""
"CDFI Fund Programs","External program","Certifies and funds CDFIs that provide capital to underserved communities and businesses. Programs include CDFI Program grants, New Markets Tax Credits (NMTC), Capital Magnet Fund, and Small Dollar Loan Program.","Grant","Non-dilutive","Varies by CDFI: $1,000 – $500,000+ for business loans; grants to CDFIs range from $500K – $15M","2026-11-28","rolling","Rolling; next cycle when open","annual","UCSD-affiliated","UCSD only","All industries","Any stage","Early-stage team","Moderate","Tier 3","","Open / Rolling
BIPOC,Womxn
Relevant for UCSD founders from underserved backgrounds or serving low-income communities
provides capital when traditional lenders decline
often combined with SBA programs","https://www.cdfifund.gov","Active",""
"HUD ConnectHome / Innovation Grants","San Diego ecosystem","HUD periodically funds innovation challenges and technology grants to address affordable housing, smart cities, and community development. Programs vary significantly by year and administration priorities.","Competition","Non-dilutive","Varies: typically $100K – $1M for challenge grants; larger for demonstration projects","2026-11-13","expected","Next open solicitation window","annual","UCSD-affiliated / Research / academic / Regional / local","UCSD only","Social impact","Any stage","Social impact","Strong","Tier 2","","Periodic / Check Current Status
Relevant for UCSD urban planning and smart city researchers
programs exist but availability varies
worth monitoring for proptech and housing tech spinouts","https://www.hud.gov/program_offices/research","Active","checked"
"U.S. Department of State Global Entrepreneurship Programs","External program","State Department hosts and funds international entrepreneurship programs including the Global Entrepreneurship Summit (GES), TechWomen, Young African Leaders Initiative (YALI), and eBridge. Focus: international tech transfer and economic diplomacy.","Competition","Non-dilutive","Varies by program; TechWomen: fellowship; GES: networking + prize competitions","2027-01-31","expected","Next annual cycle (2027)","annual","UCSD-affiliated / Student-only / Open to all / Regional / local","UCSD only","Healthcare / life sciences","Any stage","Social impact","Moderate","Tier 3","","Open (program-specific)
Social Enterprise,Womxn
Unique entry point for UCSD international students and global-focused founders
opens doors to State Dept
contracting and USAID follow-on
strong for global health and fintech","https://www.state.gov/bureaus-offices/under-secretary-for-economic-growth-energy-and-the-environment/bureau-of-economic-and-business-affairs/entrepreneurship-and-innovation/","Not Active",""
"Y Combinator Startup Program","External program","3-month intensive accelerator with $500K investment for 7% equity; in-person in San Francisco with weekly dinners, partner meetings, and Demo Day. Fall 2026 batch runs October–December.","Accelerator","Dilutive / equity","$500K for 7% equity; YC alumni network access; Demo Day investor introductions","2026-11-28","rolling","Rolling; next cycle when open","annual","UCSD-affiliated / Student + alumni","UCSD only","Social impact","Any stage","Social impact","Strong","Tier 2","","Open – Late applications still accepted
Aerospace,Artificial Intelligence,GreenTech,Industry Agnostic,LifeSci,Tech
World's most prestigious startup program
alumni include Airbnb, Stripe, OpenAI, Dropbox
brand signal alone accelerates fundraising
UCSD founders have won in past batches","https://www.ycombinator.com/apply","Active","checked"
"Techstars Accelerator Programs","External program","3-month mentorship-driven accelerators across 20+ city and sector-specific programs; cohort-based intensive with deep mentor network and Demo Day. Programs span fintech, health, energy, defense, and more.","Accelerator","Non-dilutive","$20K for 6% equity + $100K convertible note (~$120K total); mentor network; Demo Day access","2026-11-28","rolling","Rolling; next cycle when open","biannual, twice a year","UCSD-affiliated / Open to all / Regional / local","UCSD only","Healthcare / life sciences","Any stage","Research spinout","Moderate","Tier 3","","Open – Rolling by program
Aerospace,Artificial Intelligence,Energy,FinTech
One of largest accelerator networks globally
West Coast programs accessible to UCSD
strong demo day investor turnout
30+ year track record","https://www.techstars.com/accelerators","Active",""
"500 Flagship Accelerator","External program","Seed accelerator and venture fund with multiple annual cohorts; $150K investment; curriculum spanning growth marketing, fundraising, and product; strong track record with diverse and international founders.","Accelerator","Non-dilutive","~$150K for ~5% equity; 4-month program; investor demo day","2026-11-28","rolling","Rolling; next cycle when open","annual","General access","International / global","Software / AI","Prototype","Software / digital","Moderate","Tier 3","","Open – Cohort-based
BIPOC,FinTech,Software
Strong track record investing in diverse and international founders
SF-based team accessible to West Coast
large portfolio signals deal-flow credibility","https://500.co/founders/flagship","Active",""
"MassChallenge Accelerator","External program","Equity-free global accelerator with cash prizes across health, fintech, cleantech, and general verticals. Zero equity taken; up to $100K in prizes; programs in Boston, Austin, and international sites.","Accelerator","Dilutive / equity","Up to $100K in cash prizes; 0% equity taken; mentor network; corporate partner access","2027-01-31","expected","Next annual cycle (2027)","annual","UCSD-affiliated / Open to all","UCSD only","Healthcare / life sciences","Any stage","Research spinout","Strong","Tier 2","","Open – Annual cohort
FinTech,Food and Beverage,GreenTech,Industry Agnostic
No equity taken
prizes are truly non-dilutive
multiple vertical programs let UCSD founders apply to best-fit track
strong mentor and corporate partner network","https://masschallenge.org","Active","checked"
"Plug and Play Tech Center","External program","Silicon Valley-based accelerator with 20+ industry-specific programs connecting startups with Fortune 500 corporate partners for pilots and investment; twice-yearly cohorts; free to apply.","Accelerator","Non-dilutive","Investment $25K–$500K (varies by program); corporate pilot access; co-working space","2026-11-28","rolling","Rolling; next cycle when open","biannual, twice a year","Regional / local","San Diego region","Climate / energy","Prototype","Climate / cleantech","Strong","Tier 2","","Open – Rolling by vertical
Artificial Intelligence,Energy,FinTech,Tech
Adjacent to San Diego tech corridor
strong corporate connections for B2B startups seeking pilot customers
one of highest-volume accelerators in the US","https://www.plugandplaytechcenter.com/innovation-services/corporations/accelerator-programs","Active","checked"
"StartX Stanford Accelerator","External program","Non-profit equity-free accelerator for Stanford-affiliated founders; no equity or fees taken; coaching, investor introductions, and access to the $250M+ StartX Fund; growing to select non-Stanford founders.","Accelerator","Non-dilutive","$0 cash; access to $250M+ StartX Fund; expert coaching; investor introductions","2026-11-28","rolling","Rolling; next cycle when open","year round","UCSD-affiliated / Student + alumni / Research / academic","UCSD only","Social impact","Any stage","Social impact","Low","Tier 4","","Open – Rolling admissions
LifeSci,Software,Tech
No equity taken
connected to top Stanford investors including Sequoia and a16z
useful for UCSD founders with Stanford collaborators or alumni connections","https://web.startx.com","Active",""
"HAX Hard Tech Accelerator","External program","Pre-seed accelerator for hardware and hard tech startups; $250K investment with in-house mechanical, electrical, and chemical engineering team; NJ HQ with 24/7 global operations in Shenzhen and Pune; 4-month program.","Accelerator","Non-dilutive","$250K for 9% equity; hands-on engineering support; global manufacturing connections","2026-11-28","rolling","Rolling; next cycle when open","annual","UCSD-affiliated / Open to all","UCSD only","Healthcare / life sciences","Idea","Research spinout","Moderate","Tier 3","","Open – Rolling
Aerospace,EdTech,GreenTech,Medtech,Robotics & Autonomous Systems,Tech
Only major accelerator with in-house engineering team
24/7 global operations dramatically accelerate prototyping
critical for UCSD hardware and deep tech founders","https://hax.co","Active",""
"SOSV SF Deep Tech Program (formerly IndieBio)","External program","San Francisco pre-seed deep tech program; rebranded from IndieBio in early 2026; covers biotech, chemistry, physics, AI, and climate tech; in-house lab facilities; $250K investment; operator-to-operator mentorship.","Accelerator","Non-dilutive","~$250K for ~9% equity; in-house lab access; operator mentorship from ex-CEOs and scientists","2026-11-28","rolling","Rolling; next cycle when open","annual","UCSD-affiliated / Research / academic","UCSD only","Healthcare / life sciences","Idea","Research spinout","Strong","Tier 2","","Open – Rolling
Artificial Intelligence,Food and Beverage,GreenTech,LifeSci,Tech
Closest major deep tech/biotech accelerator to UCSD
lab facilities valuable for life science spinouts
operator DNA includes founders who have navigated FDA and commercial scale","https://sosv.com/locations/sosv-sf/","Active","checked"
"Creative Destruction Lab (CDL) US Programs","External program","Objectives-based program connecting seed-stage science and technology companies to serial entrepreneurs and investors; no equity taken by CDL; US sites include Boulder CO, NYC, Los Angeles, Cleveland OH (new), and more.","Accelerator","Non-dilutive","Investor and serial entrepreneur introductions; quarterly milestone coaching; $0 equity from CDL; seed capital from CDL-connected investors","2027-01-31","expected","Next annual cycle (2027)","annual","Research / academic","National / U.S.","Climate / energy","Any stage","Research spinout","Moderate","Tier 3","","Open – Annual cohort per site
Artificial Intelligence,Energy,GreenTech
Unique objectives-based model takes no equity but connects founders to top investors and serial entrepreneurs
growing US footprint
highly selective status is a strong fundraising signal","https://creativedestructionlab.com","Active",""
"Alchemist Accelerator","External program","6-month B2B and enterprise-focused accelerator for seed-stage startups targeting commercial customers; $25K+ investment; ~5% equity; demo day connects companies to Accel, a16z, Greylock, and 270+ institutional investors.","Accelerator","Dilutive / equity","~$25K–$50K for ~5% equity (varies); enterprise customer introductions; investor demo day","2026-11-28","rolling","Rolling; next cycle when open","biannual, twice a year","UCSD-affiliated / Student + alumni / Research / academic","UCSD only","Social impact","Traction","Social impact","Moderate","Tier 3","","Open – Rolling
Aerospace,Artificial Intelligence,Cybersecurity,Software
Best-in-class for B2B/enterprise startups
270+ companies funded
$5B+ total raised by alumni
strong intro to SV VCs","https://www.alchemistaccelerator.com","Active",""
"Founder Institute","External program","Pre-seed structured accelerator for early-stage founders; founded 2009; 3-month program of business-building sprints; founders exchange ~3.5% equity into shared mentor pool; global chapters including active San Diego chapter.","Accelerator","Dilutive / equity","No direct cash; structured program; global mentor and investor network; ~3.5% equity into shared pool","2026-11-28","rolling","Rolling; next cycle when open","annual","UCSD-affiliated / Student + alumni / Open to all / Research / academic / Regional / local","UCSD only","Social impact","Idea","Social impact","Moderate","Tier 3","","Open – Rolling
Artificial Intelligence,GreenTech,Industry Agnostic,Software
Only structured pre-seed program with active San Diego chapter
ideal for UCSD researchers transitioning from academic to commercial
low cost to enter
global alumni network","https://fi.co","Active",""
"gener8tor Accelerator","External program","12-week intensive accelerator with high mentor density and strong investor connections; programs in Wisconsin, Atlanta, and other US cities; known for healthcare, tech, and community-catalyst model.","Accelerator","Non-dilutive","~$100K for ~7% equity (varies by program); 12-week intensive; Demo Day","2027-01-31","expected","Next annual cycle (2027)","annual","UCSD-affiliated / Regional / local","UCSD only","Healthcare / life sciences","Any stage","Research spinout","Moderate","Tier 3","","Open – Annual cohorts
Social Enterprise,Software
Exceptionally high mentor density
accessible for UCSD founders willing to commit to a short relocation
strong investor turnout at demo days nationally","https://www.gener8tor.com","Active",""
"Rock Health","External program","Early-stage venture fund and digital health research organization; invests in companies at the nexus of technology and healthcare; widely respected benchmark reports; $1M–$5M seed investments; not a traditional accelerator.","Grant","Non-dilutive","$1M–$5M+ seed investments; Rock Health research platform access; corporate partner network","2026-11-28","rolling","Rolling; next cycle when open","year round","UCSD-affiliated / Research / academic","UCSD only","Healthcare / life sciences","Idea","Research spinout","Excellent","Tier 1","","Open – Rolling (VC fund)
Artificial Intelligence,HealthTech
Most prestigious digital health investor nationally
Rock Health benchmark report inclusion signals credibility
UCSD Health and health research create strong spinout pipeline","https://rockhealth.com/","Active","checked"
"Blueprint Health Accelerator","External program","NYC-based digital health accelerator connecting early-stage companies with hospitals, payers, and health systems for pilots; seed investment, mentorship, and New York health ecosystem access.","Accelerator","Non-dilutive","~$100K seed investment; NYC office access; hospital and payer pilot introductions; mentor network","2027-01-31","expected","Next annual cycle (2027)","annual","UCSD-affiliated","UCSD only","Healthcare / life sciences","Idea","Research spinout","Excellent","Tier 1","","Open – Annual cohort
HealthTech
Strong hospital and payer network for clinical pilots
builds on UCSD's strength in clinical informatics and digital health
NY location supports East Coast fundraising access","https://www.blueprinthealth.org","Active","checked"
"StartUp Health Academy","External program","15-year global community and membership platform for health innovators at all stages; connects founders with funders, partners, institutions, and thought leaders; media exposure via StartUp Health TV.","Grant","Non-dilutive","Membership plan access; partner introductions; live events; media campaigns; no direct cash","2026-11-28","rolling","Rolling; next cycle when open","year round","Open to all / Regional / local","International / global","Healthcare / life sciences","Any stage","Research spinout","Moderate","Tier 3","","Open – Rolling
EdTech,HealthTech,LifeSci,Medtech,Tech
Access to 15 years of global health innovator relationships
StartUp Health TV media exposure to 500K+ viewers
strong brand and credibility in health innovation space","https://www.startuphealth.com","Active",""
"MATTER Health Innovation Hub","External program","Chicago-based health innovation hub connecting health startups with hospital systems and payers for real-world pilot programs; corporate challenges and seed grants; partners include Northwestern Medicine, Rush, and AMITA Health.","Accelerator","Non-dilutive","Varies; ecosystem access; hospital pilot programs; corporate challenge grants; no fixed equity","2026-11-28","rolling","Rolling; next cycle when open","year round","UCSD-affiliated","UCSD only","Healthcare / life sciences","Prototype","Research spinout","Strong","Tier 2","","Open – Rolling
Artificial Intelligence,EdTech,HealthTech,Medtech
Unparalleled access to hospital pilot partners
clinical validation with Northwestern and Rush accelerates FDA and commercial pathways
useful for UCSD med-tech and clinical AI founders","https://matter.health","Active","checked"
"Greentown Labs Climatetech Incubator","External program","Largest cleantech incubator in North America; coworking, wet lab, and hardware space in Somerville MA and Houston TX; Deal Flow Digest investor program; corporate partner ecosystem; hiring network for climate startups.","Incubator","Non-cash support","Lab and co-working space; Deal Flow Digest investor introductions; corporate partner network; climate-focused hiring pipeline","2026-11-28","rolling","Rolling; next cycle when open","year round","Research / academic","National / U.S.","Climate / energy","Any stage","Research spinout","Moderate","Tier 3","","Open – Rolling membership
Artificial Intelligence,Energy,GreenTech,Sustainability,Tech
Best cleantech hardware facility in North America
Deal Flow Digest brings investors directly to members
strong corporate partner ecosystem for pilot programs and revenue","https://greentownlabs.com","Active",""
"Third Derivative (D3) Climate Tech Accelerator","External program","Global climate tech accelerator backed by Rocky Mountain Institute and New Energy Nexus; connects startups to deep expert network, corporate partners, and a $100M+ investor network; takes no equity.","Accelerator","Non-dilutive","Access to $100M+ investment network; expert mentorship; corporate introductions; no equity from D3","2027-01-31","expected","Next annual cycle (2027)","annual","UCSD-affiliated / Open to all / Research / academic","UCSD only","Climate / energy","Any stage","Climate / cleantech","Moderate","Tier 3","","Open – Annual cohort
Agriculture,Energy,Green Energy,GreenTech
Rocky Mountain Institute backing provides global credibility and corporate access
massive investor network
important for UCSD energy and climate research spinouts in solar, storage, and carbon","https://www.third-derivative.org","Active",""
"Elemental Impact (formerly Elemental Excelerator)","External program","Nonprofit investor with 17+ years advancing climate and energy technologies; provides catalytic capital for first-of-a-kind and early commercial projects; every $1 Elemental invests unlocks $110 in follow-on capital; 2.5x higher survival rate for portfolio companies.","Accelerator","Non-dilutive","Varies; typically $250K–$1M catalytic grants; extraordinary $1-to-$110 follow-on leverage","2027-01-31","expected","Next annual cycle (2027)","annual","Regional / local","San Diego region","Climate / energy","Traction","Climate / cleantech","Excellent","Tier 1","","Open – Annual cohort
Artificial Intelligence,Energy,Green Energy,GreenTech
2.5x higher company survival rate vs
unsupported peers
deep Pacific and West Coast network directly relevant to San Diego
follow-on leverage ($110 per $1) is extraordinary","https://elementalimpact.com","Active","checked"
"New Energy Nexus Clean Energy Programs","External program","International nonprofit accelerating clean energy startups through connections, programs, and resources; US programs focus on California; partners with utilities and corporates; diverse founder prioritization.","Accelerator","Non-dilutive","Program support; funding connections; $50K–$200K in specific program grants","2026-11-28","rolling","Rolling; next cycle when open","year round","Regional / local","San Diego region","Climate / energy","Any stage","Climate / cleantech","Strong","Tier 2","","Open – Rolling
BIPOC,Energy,Green Energy,GreenTech
California programs directly accessible to San Diego founders
diverse founder prioritization
partnerships with California utilities create direct pilot pathways","https://www.newenergynexus.com/programs/","Active","checked"
"Powerhouse Ventures","External program","Seed-stage VC fund backing founders building digital-first solutions in energy, infrastructure, and AI; 10+ year track record; annual New Dawn event connects the entire energy innovation ecosystem with 1000+ attendees.","Investment","Dilutive / equity","Seed investment $500K–$2M; 10-year industry network; New Dawn event access","2026-11-28","rolling","Rolling; next cycle when open","year round","UCSD-affiliated / Research / academic","UCSD only","Climate / energy","Any stage","Climate / cleantech","Low","Tier 4","","Open – Rolling (VC fund)
Artificial Intelligence,Energy,Green Energy
Most connected energy-tech seed fund in the US
annual New Dawn event brings 1000+ industry leaders
UCSD's energy research and engineering programs align directly with portfolio focus","https://powerhouse-ventures.co","Active",""
"Camelback Ventures Fellowship","External program","Fellowship for underrepresented founders in education and conscious technology; emphasizes psychological safety; 5 C framework (coaching, capital, connections, community, curriculum); 2x/year hybrid format with in-person kick-off and graduation.","Investment","Dilutive / equity","Investment + intensive coaching (amounts vary by cohort); travel and stipend support provided","2026-11-13","expected","Next open solicitation window","biannual, twice a year","UCSD-affiliated / Regional / local","UCSD only","Social impact","Any stage","Social impact","Moderate","Tier 3","","Open – 2x/year
BIPOC,EdTech,Womxn
Critical resource for UCSD's diverse founder population
unique psychological safety model
national BIPOC founder network
addresses systemic barriers in fundraising head-on","https://www.camelbackventures.org/fellowship/","Active",""
"Visible Hands Pre-Seed Fellowship","External program","Pre-seed fellowship and fund for underrepresented founders; customizes support to each company's actual needs; grant partnerships with Meta and AWS; Google summit program accepts 20 founders from 2000+ applications.","Investment","Dilutive / equity","Pre-seed investment + competitive grants (Meta, AWS); bespoke diagnostic support per company","2026-11-28","rolling","Rolling; next cycle when open","annual","General access","National / U.S.","Social impact","Idea","Software / digital","Moderate","Tier 3","","Open – Cohort-based
Artificial Intelligence,BIPOC,FinTech,Software,Womxn
Extremely competitive (20/2000 Google summit) = strong credibility signal
bespoke model builds real skills
non-dilutive grant capital alongside equity investment","https://www.visiblehands.vc","Active",""
"Backstage Capital","External program","VC fund and accelerator investing exclusively in underrepresented founders: women, people of color, and LGBTQ+ entrepreneurs; $25K+ checks to 200+ portfolio companies; strong operator community and alumni network.","Investment","Dilutive / equity","$25K–$100K seed investment (varies by program); operator community and alumni network access","2026-11-28","rolling","Rolling; next cycle when open","year round","Student + alumni / Regional / local","National / U.S.","Social impact","Any stage","Social impact","Strong","Tier 2","","Open – Rolling
Artificial Intelligence,BIPOC,FinTech,Software,Womxn
Mission-aligned fund specifically for underrepresented founders
strong credibility in DEI-focused investment landscape
200+ active portfolio companies","https://backstagecapital.com","Active","checked"
"Village Capital Programs","External program","Peer-selected accelerator for impact entrepreneurs; 150+ programs run globally; unique model where founders in the cohort vote to select who receives investment; focuses on fintech, health, climate, and education solutions.","Accelerator","Non-dilutive","Up to $100K peer-selected investment; program curriculum; investor introductions","2026-11-13","expected","Next open solicitation window","annual","Student + alumni / Open to all","International / global","Healthcare / life sciences","Any stage","Research spinout","Moderate","Tier 3","","Open – Program-specific
Agriculture,BIPOC,EdTech,FinTech,GreenTech
Unique peer-selected model removes institutional bias
150+ programs globally create a broad alumni network
strong connections in impact investing and development finance","https://vilcap.com/programs","Active",""
"Echoing Green Fellowship","External program","35+ year fellowship for transformational social entrepreneurs; Fellows receive 2-year stipend ($80K full-time or $40K part-time), health benefits, leadership coaching, and membership in a global community of change-makers.","Grant","Non-dilutive","$80K/year (full-time) or $40K/year (part-time) for 2 years; health benefits; leadership development; global community","2027-01-31","expected","Next annual cycle (2027)","annual","Open to all / Regional / local","International / global","Healthcare / life sciences","Any stage","Research spinout","Strong","Tier 2","","Open – Annual application
EdTech,GreenTech,Social Enterprise
One of the most prestigious social entrepreneurship fellowships globally
2-year salary replacement enables full founder focus
lifelong community includes world-changing leaders across 35+ years","https://echoinggreen.org/fellowship/","Active","checked"
"Unreasonable Fellowship","External program","Invite-only community for growth-stage entrepreneurs with impact integrated into their profit model; 559 ventures in network have collectively raised $23B; access to 2900 investors and 1170 mentors including Nobel Laureates.","Accelerator","Non-dilutive","Access to $23B investor network; introductions to 2900+ investors and 1170 mentors; no direct cash; no equity from Unreasonable","2026-11-13","rolling","Invite-only By invitation only","year round","Student + alumni / Open to all / Regional / local","International / global","Climate / energy","Traction","Climate / cleantech","Moderate","Tier 3","","Invite-only
EdTech,Energy,Food and Beverage
Most exclusive impact entrepreneur network globally
559 alumni raised $23B collectively
mentors include Nobel Laureates and former heads of state
transforms fundraising and partnership trajectory","https://unreasonablegroup.com/fellowship","Active",""
"Thiel Fellowship","External program","2-year $100K fellowship for innovators under 23 who defer or leave college to pursue entrepreneurship or research; mentorship from Silicon Valley founders and investors; annual cohort of ~20 fellows.","Grant","Non-dilutive","$250K over 2 years; investor and mentor network access; Thiel Foundation community","2027-01-31","expected","Next annual cycle (2027)","annual","UCSD-affiliated / Student-only / Research / academic","UCSD only","All industries","Any stage","Research spinout","Excellent","Tier 1","","Open – Annual application
Artificial Intelligence,LifeSci,Tech
Most prestigious fellowship for young founders
$100K non-dilutive
opens doors to top SF investors and founders
UCSD undergraduates are specifically and directly eligible","https://thielfellowship.org","Active","checked"
"Z Fellows Program","External program","1-week intensive fellowship for technical builders of all ages working on side projects or early startups; $10K grant; spans consumer, enterprise, defense, health, AI, biotech, climate, and crypto; designed as your first believer.","Grant","Non-dilutive","$10K cash grant; community access; investor introductions","2026-11-28","rolling","Rolling; next cycle when open","annual","UCSD-affiliated / Research / academic / Regional / local","UCSD only","Healthcare / life sciences","Any stage","Research spinout","Excellent","Tier 1","","Open – Rolling
Aerospace,Artificial Intelligence,Cryptocurrency,EdTech,FinTech,GreenTech,Industry Agnostic,LifeSci,Tech
Low barrier to entry
quick $10K non-dilutive validation signal
useful launchpad for UCSD researchers converting academic work to startup
community of exceptional early-stage builders","https://www.zfellows.com","Active","checked"
"On Deck Founders Fellowship (ODF)","External program","Online fellowship for aspiring and early-stage founders; outstanding co-founder matching network; mentorship from top founders and investors; multiple annual cohorts; community-driven with fellowship fee.","Accelerator","Non-dilutive","Co-founder matching network; investor introductions; mentorship from successful founders; fellowship fee ~$2K–$5K","2026-11-28","rolling","Rolling; next cycle when open","annual","Student + alumni / Regional / local","San Diego region","Social impact","Idea","Social impact","Strong","Tier 2","","Open – Rolling
Artificial Intelligence,FinTech,Industry Agnostic,Software
Best program nationally for finding co-founders
strong alumni testimony (Traba
Shepherd)
fully remote makes it accessible from San Diego without relocation","https://joinodf.com","Active","checked"
"Dorm Room Fund","External program","Student-run VC fund investing nationally in student-founded startups; $90K–$250K checks at ~1.3% equity; backed by First Round Capital; multiple campus partners across UC system and national universities.","Investment","Dilutive / equity","$90K–$250K for ~1.3% equity; First Round Capital investor network; founder community; DRF support services","2026-11-28","rolling","Rolling; next cycle when open","year round","UCSD-affiliated / Student-only","UCSD only","Social impact","Any stage","Social impact","Moderate","Tier 3","","Open – Rolling
Artificial Intelligence,FinTech,Software
First Round Capital backing provides strong national credibility signal
specifically designed for student founders like UCSD undergrads and grad students
1.3% equity is founder-friendly at early stage","https://dormroomfund.com","Active",""
"Pioneer Tournament","External program","Remote-first competitive weekly grant tournament for early-stage builders; winners receive investment, mentorship, and invitation to Pioneer Summit in SF; backed by Stripe and Marc Andreessen; strong global community.","Accelerator","Non-dilutive","~$7K cash + $100K+ in software and service deals + investor introductions; Pioneer Summit invite","2026-11-28","rolling","Rolling; next cycle when open","annual","Open to all / Regional / local","San Diego region","Social impact","Idea","Social impact","Excellent","Tier 1","","Open – Rolling (weekly)
Artificial Intelligence,Industry Agnostic,LifeSci,Social Enterprise,Software,Tech
Fully remote and accessible from San Diego without relocation
weekly cadence provides rapid validation feedback
backed by Stripe and Marc Andreessen
track record includes Railway and Atlas","https://pioneer.app","Active","checked"
"Entrepreneur First (EF) SF Program","External program","Pre-team fellowship for talented individuals wanting to co-found a deep tech or AI company; 3-month SF cohort to find and validate co-founder match; $150K+ investment post-match; Demo Day attended by 200+ VC partners.","Investment","Dilutive / equity","Equity-free support during cohort + $150K+ investment after match; Demo Day to 200+ VCs; relocation support","2026-11-28","rolling","Rolling; next cycle when open","biannual, twice a year","UCSD-affiliated / Student + alumni / Research / academic","UCSD only","Engineering / technology","Any stage","Software / digital","Moderate","Tier 3","","Open – Rolling cohorts
Artificial Intelligence,FinTech,GreenTech
Ideal for talented UCSD researchers or engineers who lack a co-founder
companies typically raise $1–7M post Demo Day
200+ VC partners attend
strong AI and deep tech alumni network","https://www.joinef.com","Active",""
"SBIR/STTR Federal Program","Federal program","America's Seed Fund; 11 participating agencies (NIH, NSF, DoD, DOE, NASA, DHS, EPA, etc.); non-dilutive R&D grants; government keeps no equity or IP; Phase I proof-of-concept through Phase III commercialization.","Grant","Dilutive / equity","Phase I: $50K–$275K (6–12 months); Phase II: $750K–$1.8M (24 months); government takes zero equity or IP","2026-11-28","rolling","Rolling; next cycle when open","annual","UCSD-affiliated / Research / academic","UCSD only","Climate / energy","Idea","Climate / cleantech","Excellent","Tier 1","","Open – Rolling by agency
Aerospace,Artificial Intelligence,Energy,GreenTech,LifeSci,Tech
Most important non-dilutive funding source for UCSD spinouts
UCSD SBIR office provides direct coaching
full equity and IP retained
7000+ awards/year nationally","https://www.sbir.gov","Active","checked"
"NVIDIA Inception Program","External program","Free equity-free program for AI and ML startups at any stage; provides GPU hardware credits, DGX Cloud access, AI software licenses, co-marketing opportunities, and introductions to NVIDIA's curated VC investor network.","Accelerator","Dilutive / equity","GPU credits; NVIDIA DGX Cloud access; AI software licenses; VC network introductions; co-marketing amplification","2026-11-28","rolling","Rolling; next cycle when open","year round","UCSD-affiliated / Research / academic","UCSD only","Social impact","Any stage","Social impact","Low","Tier 4","","Open – Rolling
Artificial Intelligence,Machine/Deep Learning,Robotics & Autonomous Systems
GPU credits are extremely valuable for AI/ML startups
UCSD's strong AI research and Qualcomm proximity make this highly strategic
0% equity
co-marketing amplifies visibility nationally","https://www.nvidia.com/en-us/startups/","Active",""
"Google for Startups Accelerator","External program","10–12 week equity-free accelerator; cohorts of 10–15 startups; Google expert mentorship on founder-defined technical challenges; $200K+ in Google Cloud credits; TPU access; AI early access; deep dives in product and growth.","Accelerator","Non-dilutive","$200K+ in Google Cloud credits; free TPU access; AI product early access; expert mentorship; 0% equity","2026-12-31","expected","Next quarterly cycle (Q4 2026 or next window)","annual","General access","National / U.S.","Social impact","Prototype","Social impact","Strong","Tier 2","","Open – Cohort-based
Artificial Intelligence,GreenTech,Social Enterprise,Software,Womxn
No equity taken
$200K+ in cloud credits equals real capital equivalent
Google expert network accelerates product development
AI early access provides competitive advantage","https://startup.google.com/programs/accelerator/","Active","checked"
"J&J JLABS Innovation Centers","External program","No-equity biotech incubator with lab and office space across multiple US sites including San Diego (La Jolla); connects startups with J&J commercialization, licensing, and R&D; QuickFire Challenge grants up to $1M.","Incubator","Dilutive / equity","Subsidized lab and office space; J&J R&D and licensing access; QuickFire Challenge grants up to $1M; investor introductions","2026-11-28","rolling","Rolling; next cycle when open","year round","UCSD-affiliated / Research / academic / Regional / local","UCSD only","Healthcare / life sciences","Traction","Research spinout","Excellent","Tier 1","","Open – Rolling by site
Data Science,EdTech,LifeSci,Medtech,Tech
JLABS San Diego is physically in La Jolla adjacent to UCSD Torrey Pines
no equity taken
QuickFire Challenge provides up to $1M
J&J licensing relationship is highly strategic for life science spinouts","https://jnjinnovation.com/jlabs","Active","checked"
"Illumina for Startups","External program","Seed-stage accelerator for genomics and sequencing-enabled startups; provides Illumina sequencing equipment, lab space, bioinformatics tools, expert mentorship, and seed funding; 6-month cohorts; San Diego and SF sites.","Accelerator","Non-dilutive","~$100K seed investment; Illumina equipment access (worth $500K+); lab space; bioinformatics platform; expert mentorship","2027-05-15","expected","Next seasonal cycle is the next open window","biannual, twice a year","UCSD-affiliated / Research / academic / Regional / local","UCSD only","All industries","Any stage","Research spinout","Strong","Tier 2","","Open – 2x/year cohorts
LifeSci,Tech
Illumina HQ is in San Diego adjacent to UCSD
genomics is a core UCSD research strength
direct path to partnership and licensing with the world's largest sequencing company
equipment access worth $500K+","https://www.illumina.com/company/illumina-for-startups.html","Active","checked"
"Bayer G4A Digital Health Program","External program","Corporate open innovation program (Grants4Apps) connecting digital health startups with Bayer pharmaceutical expertise; non-dilutive grant, mentorship, co-development opportunities, and licensing pathways.","Accelerator","Non-dilutive","Up to €50K non-dilutive grant + mentorship; corporate co-development pilot potential; licensing pathway; no equity from Bayer","2027-01-31","expected","Next annual cycle (2027)","annual","UCSD-affiliated","UCSD only","Healthcare / life sciences","Any stage","Research spinout","Strong","Tier 2","","Open – Annual
HealthTech,LifeSci
Non-dilutive grant plus potential Bayer licensing relationship
highly relevant for UCSD biotech and health founders with pharma-adjacent technology","https://g4a.health/","Active","checked"
"M12 (Microsoft Ventures)","External program","Microsoft's corporate venture capital fund investing in early-stage enterprise technology; AI, cloud, SaaS, security, and developer tools; strategic investment with Microsoft ecosystem access and Azure credits.","Investment","Dilutive / equity","$500K–$10M+ investments (Seed to Series A); Azure credits; Microsoft enterprise partner ecosystem; customer introductions","2026-11-28","rolling","Rolling; next cycle when open","year round","UCSD-affiliated / Research / academic","UCSD only","Software / AI","Idea","Software / digital","Low","Tier 4","","Open – Rolling (VC fund)
Artificial Intelligence,Cybersecurity,Software
Azure credits and Microsoft enterprise partnerships accelerate commercial growth
UCSD's enterprise AI and cloud computing research is directly relevant
Microsoft signal is strong for enterprise fundraising","https://m12.vc","Active",""
"Salesforce Ventures / AI Accelerator","External program","Salesforce's corporate venture arm and AI-focused accelerator investing in enterprise AI and SaaS startups; strategic investment with Salesforce AppExchange distribution, enterprise customer introductions, and partner ecosystem.","Accelerator","Non-dilutive","$500K–$5M+ investments; Salesforce AppExchange distribution access; enterprise customer introductions; Trailblazer community","2026-11-28","rolling","Rolling; next cycle when open","year round","UCSD-affiliated","UCSD only","Software / AI","Any stage","Software / digital","Moderate","Tier 3","","Open – Rolling
Artificial Intelligence,Software
Salesforce AppExchange distribution can provide immediate access to millions of enterprise customers
strong signal for enterprise AI and SaaS companies
UCSD's AI and data science programs align well","https://salesforceventures.com","Active",""
"Merck Global Health Innovation Fund","External program","Corporate impact venture fund investing in digital health, health IT, data analytics, and solutions addressing global health challenges at scale; investments from $1M–$5M with strategic Merck partnership potential.","Grant","Non-dilutive","$1M–$5M investments; Merck strategic partnership and licensing pathway; global health network access","2026-11-28","rolling","Rolling; next cycle when open","year round","UCSD-affiliated / Student + alumni / Open to all","UCSD only","Healthcare / life sciences","Traction","Research spinout","Moderate","Tier 3","","Open – Rolling
HealthTech
Strategic investment with potential licensing pathway
global health network accelerates international scale
UCSD's global health and biomedical data science programs create strong alumni pipeline","https://www.msdghifund.com/","Active",""
"AstraZeneca Emerging Innovations","State of California","Open innovation and investment unit connecting early-stage life science and digital health startups with AstraZeneca's global R&D expertise; grants, co-development pilots, and licensing pathways in oncology, respiratory, and cardiovascular.","Grant","Non-dilutive","Grants up to $250K; co-development potential; AstraZeneca R&D access; licensing opportunities","2026-11-28","rolling","Rolling; next cycle when open","year round","UCSD-affiliated / Open to all / Research / academic","UCSD only","Healthcare / life sciences","Idea","Research spinout","Excellent","Tier 1","","Open – Rolling
HealthTech,LifeSci,Tech
AstraZeneca's R&D access is highly strategic for UCSD life science researchers
co-development pilots accelerate clinical validation
oncology and genomics focus aligns with core UCSD research strengths","https://openinnovation.astrazeneca.com/","Active","checked"
"Qualcomm Ventures","External program","Strategic VC arm of Qualcomm investing in AI, IoT, mobile, semiconductors, automotive, and AR/VR; San Diego HQ creates unique proximity advantage for UCSD founders; existing UCSD–Qualcomm research relationships provide warm introductions.","Grant","Non-dilutive","$250K–$5M+ investments; Qualcomm chip and platform access; enterprise customer introductions; San Diego ecosystem connections","2026-11-28","rolling","Rolling; next cycle when open","year round","UCSD-affiliated / Research / academic / Regional / local","UCSD only","Engineering / technology","Any stage","Research spinout","Strong","Tier 2","","Open – Rolling
Artificial Intelligence,Robotics & Autonomous Systems,Tech
Qualcomm HQ is adjacent to UCSD
strong existing UCSD–Qualcomm research relationships
most San Diego-relevant corporate VC
strategic importance in semiconductors and 5G extremely high for UCSD spinouts","https://www.qualcommventures.com","Active","checked"
"Sequoia Arc Seed Program","External program","Seed-stage program from world's top VC connecting pre-seed and seed founders with Sequoia partners and world-class portfolio mentors; highly selective; program designed for companies before first institutional round.","Accelerator","Non-dilutive","$1M+ seed investments (typical Sequoia seed check); Sequoia partner network; mentorship from founders of Klarna, Instagram, Notion, Supercell","2026-11-28","rolling","Rolling; next cycle when open","year round","Student + alumni","National / U.S.","Software / AI","Idea","Software / digital","Moderate","Tier 3","","Open – Rolling (highly selective)
Artificial Intelligence,FinTech,GreenTech,Industry Agnostic,Software
World's most prestigious VC brand
even consideration signals top-tier quality nationally
Arc alumni companies represent some of the world's fastest-growing startups","https://sequoiacap.com/arc","Active",""
"a16z Speedrun","External program","Highly selective seed accelerator from a16z for pre-seed founders with breakthrough ideas in AI, software, and deep tech; $500K–$1M investment with a16z partner mentorship; rolling applications.","Accelerator","Non-dilutive","~$500K–$1M seed investment; a16z partner mentorship; full network access; Demo Day","2026-11-28","rolling","Rolling; next cycle when open","year round","Open to all","International / global","Engineering / technology","Idea","Software / digital","Strong","Tier 2","","Open – Rolling (very selective)
Aerospace,Artificial Intelligence,Cryptocurrency,FinTech,LifeSci,Software,Tech
One of the most prestigious seed programs in venture
a16z portfolio includes some of the world's most valuable companies
strong signal for national and global fundraising","https://a16z.com/speedrun","Active","checked"
"8VC Fellowship","External program","Tech and defense-focused investment firm with fellowship and seed program for exceptional founders in hard tech, AI, defense, and enterprise; mentorship from 8VC partners including Joe Lonsdale; strong DC defense network.","Grant","Non-dilutive","Seed investment; mentorship from 8VC partners; defense industry connections; DC policy network access","2026-11-28","rolling","Rolling; next cycle when open","year round","UCSD-affiliated","UCSD only","Defense / dual-use","Any stage","Software / digital","Moderate","Tier 3","","Open – Rolling (selective)
Aerospace,Artificial Intelligence,LifeSci,Tech
8VC's defense tech network is highly strategic for UCSD AI and national security founders
Joe Lonsdale's DC defense influence provides unique government procurement access","https://www.8vc.com","Active",""
"Pear VC Garage","External program","Pre-seed accelerator from top-tier seed fund Pear VC; ~4-week intensive program with up to $500K investment; access to Pear partner expertise and LP network; small cohort of 6–8 companies; SF-based.","Accelerator","Non-dilutive","$250K–$500K investment; Pear partner mentorship; LP and investor network access; co-working space","2026-11-13","expected","Open – Cohort-based Cohort applications (2–3x/year)","annual","General access","National / U.S.","Software / AI","Idea","Software / digital","Moderate","Tier 3","","Open – Cohort-based
Artificial Intelligence,Software
Pear VC has exceptional consumer and marketplace track record
$250K–$500K at pre-seed is highly founder-friendly
small cohort ensures personalized mentorship from Pear partners","https://pear.vc/garage","Active",""
"VentureWell E-Team Grant Program","External program","Multi-stage grant program for STEM student entrepreneurs; Stage 1 ($2.5K) for prototyping and Stage 2 ($20K–$25K) for commercialization; coaching, workshops, and Open conference; supports university innovation programs nationally.","Grant","Non-dilutive","Stage 1: $2.5K; Stage 2: $20K–$25K; no equity; coaching workshops; Open conference participation","2026-11-28","rolling","Rolling; next cycle when open","annual","UCSD-affiliated / Student-only","UCSD only","Social impact","Traction","Networking / support","Excellent","Tier 1","","Open – Annual
GreenTech,LifeSci,Tech
One of the longest-running and most accessible student STEM grants
no equity taken
UCSD's innovation programs regularly participate
direct bridge from student project to company formation","https://venturewell.org/e-team/","Active","checked"
"Activate Fellowship","External program","2-year fellowship for scientists and engineers building companies around breakthrough research in climate, energy, biotech, and advanced manufacturing; $100K+/year stipend; lab and co-working access; investor network.","Grant","Non-dilutive","$100K+/year for 2 years; lab and co-working facilities; investor and partner network; no equity","2027-01-31","expected","Next annual cycle (2027)","annual","UCSD-affiliated / Student + alumni / Research / academic","UCSD only","Healthcare / life sciences","Any stage","Research spinout","Strong","Tier 2","","Open – Annual application
Energy,GreenTech,LifeSci,Tech
Ideal for UCSD PhD founders with breakthrough research
2 years of $100K+ salary replacement enables full-time focus
Activate alumni have raised $2B+ collectively
no equity taken","https://www.activate.org","Active","checked"
"Starta Ventures Accelerator","External program","NYC-based accelerator specifically supporting immigrant and international founders entering the US market; provides $120K investment, soft landing, legal support, and US business development mentorship.","Accelerator","Non-dilutive","$120K for ~7% equity; US market entry support; legal and visa guidance; co-working space in NYC","2026-11-28","rolling","Rolling; next cycle when open","annual","UCSD-affiliated / Student-only","UCSD only","Software / AI","Any stage","Software / digital","Strong","Tier 2","","Status Unknown – Verify before applying
Artificial Intelligence,FinTech,Software
Unique program specifically designed for immigrant founders — directly relevant to UCSD's large international student population
provides legal and visa guidance that most accelerators do not","https://starta.vc","Not Active",""
"Tulane Business Model Competition","External program","Looking for early-stage ventures, led by teams that include at least one degree-seeking undergraduate or graduate student on the founding team. Students from any college or university are eligible. This competition rewards those that are creating commercially viable ventures through breaking down an idea into a key business model hypothesis; have tested their assumptions with customers; and applied Customer Development/Lean Startup principles to refine the model for improved success.","Competition","Non-dilutive","$125K in total cash prize (2026), to be shared among three winners. In addition, up to $1.5K in travel grants per team.","2027-01-10","confirmed","Next annual cycle (2027)","annual","UCSD-affiliated / Student-only","UCSD only","All industries","Idea","Software / digital","Excellent","Tier 1","","Open – Annual
Industry Agnostic","https://tulanebusinessmodelcompetition.submit.com/show/4__;!!Mih3wA!HFeeoNSBxcEmS_F4H2texcGc34SDvn3J_CmrxssjAQ5fuv_x7CKIjM5H1Da7n0QYctTYxAU2EiFYqZ1eNDs6$","Active","checked"
"Rice Business Plan Competition (RBPC)","External program","World's largest and richest graduate-level student business plan competition; $1.5M+ in total prizes; judges act as early-stage investors; nationally open to university-affiliated student teams; held annually in Houston TX.","Competition","Non-dilutive","$1.5M+ in total prizes; investor judge feedback; national exposure; networking","2027-01-31","expected","Next annual cycle (2027)","annual","UCSD-affiliated / Student-only","UCSD only","Climate / energy","Idea","Climate / cleantech","Excellent","Tier 1","","Open – Annual
Energy,Industry Agnostic,LifeSci,Social Enterprise,Tech
$1.5M+ largest student competition in the world
UCSD teams have competed successfully before
judges are real investors creating actual deal flow
national exposure for UCSD innovation","https://rbpc.rice.edu","Active","checked"
"MIT $100K Entrepreneurship Competition","External program","Series of 3 progressive contests (Pitch, Accelerate, Launch) from September to May; $300K+ total non-dilutive prizes; student-led at MIT Sloan; strongest network of VC mentors and media exposure in student competition space.","Competition","Non-dilutive","$300K+ in total non-dilutive prizes annually; VC mentor network; media coverage; prototyping funds","2027-01-31","expected","Next annual cycle (2027)","annual","UCSD-affiliated / Student-only / Research / academic","UCSD only","Social impact","Traction","Social impact","Excellent","Tier 1","","Open – Annual
Artificial Intelligence,GreenTech,Industry Agnostic,LifeSci,Social Enterprise,Tech
MIT brand signal
$300K+ non-dilutive prizes
strong VC mentor network
UCSD visitors or collaborators may be eligible for open tracks","https://www.mit100k.org","Active","checked"
"Harvard New Venture Competition","External program","Suite of competitions and programs for Harvard-affiliated entrepreneurs; New Venture Competition offers cash prizes and mentorship; Harvard i-lab resources; open to Harvard students and alumni.","Competition","Non-dilutive","Up to $150K in prizes; access to Harvard i-lab mentors; investor introductions","2027-01-31","expected","Next annual cycle (2027)","annual","UCSD-affiliated / Student-only / Student + alumni / Research / academic","UCSD only","Social impact","Any stage","Research spinout","Excellent","Tier 1","","Open – Annual
FinTech,Industry Agnostic,LifeSci,Social Enterprise
Prestigious Harvard brand signal
strong alumni network
useful for UCSD founders with Harvard collaborators or alumni connections
investor judge network","https://www.hbs.edu/newventurecompetition","Active","checked"
"XPRIZE Grand Challenges","External program","Series of large-scale incentive prizes addressing global challenges in climate, health, AI, energy, ocean, food, and space; multiple active competitions with $1M–$100M+ prizes; open to multidisciplinary teams globally.","Competition","Non-dilutive","$1M–$100M+ depending on competition; no equity taken","2026-11-13","rolling","Next open solicitation window","year round","UCSD-affiliated / Open to all / Research / academic","UCSD only","Healthcare / life sciences","Traction","Research spinout","Moderate","Tier 3","","Open – Multiple active competitions
Artificial Intelligence,Energy,Food and Beverage,GreenTech,Ocean Sciences
Moonshot credibility for breakthrough technology
UCSD's research depth in climate, health, and AI aligns with multiple active XPRIZE categories
massive prizes transform company trajectory and attract follow-on investment","https://www.xprize.org/competitions","Active",""
"TechCrunch Disrupt Startup Battlefield","External program","Annual flagship competition at TechCrunch Disrupt where early-stage startups pitch to top VCs and media in front of 10,000+ attendees; $100K equity-free prize to winner; massive media exposure and press coverage.","Competition","Non-dilutive","$100K equity-free prize; major media coverage; investor introductions; stage exposure to 10,000+ attendees","2027-01-31","expected","Next annual cycle (2027)","annual","Open to all","International / global","Healthcare / life sciences","Idea","Research spinout","Moderate","Tier 3","","Open – Annual
Artificial Intelligence,FinTech,GreenTech,HealthTech,Software
Massive media exposure to 10,000+ tech industry attendees and global press
past winners include Dropbox and Yammer
$100K equity-free
strong signal for fundraising immediately post-competition","https://techcrunch.com/events/techcrunch-disrupt/","Active",""
"Hult Prize","External program","World's largest student social enterprise competition; $1M grand prize; campus rounds at UCSD feed into regional and global finals; annual challenge theme addresses a specific UN SDG; open to all student teams.","Competition","Non-dilutive","$1M grand prize; regional and global mentorship; investor exposure","2027-01-31","expected","Next annual cycle (2027)","annual","UCSD-affiliated / Student-only / Open to all / Research / academic / Regional / local","UCSD only","Climate / energy","Any stage","Climate / cleantech","Excellent","Tier 1","","Open – Annual
EdTech,Energy,Food and Beverage,Social Enterprise
Campus round at UCSD = direct and accessible entry point
$1M prize is transformative for early social ventures
annual UN SDG theme aligns with UCSD's social impact research programs","https://www.hultprize.org","Active","checked"
"Collegiate Entrepreneurs' Organization (CEO) Competition","External program","National student entrepreneurship competition and conference; teams from 250+ university chapters pitch and compete; cash prizes; networking with VCs and founders; CEO chapter at UCSD participates annually.","Competition","Non-dilutive","Cash prizes vary by round; investor and mentor networking; national exposure at annual conference","2027-01-31","expected","Next annual cycle (2027)","annual","UCSD-affiliated / Student-only / Regional / local","UCSD only","Social impact","Any stage","Social impact","Strong","Tier 2","","Open – Annual
Food and Beverage,Industry Agnostic,Social Enterprise,Software
Active UCSD chapter means direct on-campus entry
national conference brings together top student entrepreneurs and investor judges
strong community and networking across 250+ university chapters","https://www.c-e-o.org","Active","checked"
"Fast Pitch Competitions (National)","External program","Series of national fast-pitch and elevator pitch competitions held at major events (SXSW, TechCrunch, Social Venture Partners Fast Pitch, etc.); prizes range from $5K–$500K; low barrier to entry; strong media exposure.","Competition","Non-dilutive","$5K–$500K in prizes (varies by event); media exposure; investor introductions","2026-11-28","rolling","Rolling; next cycle when open","annual","UCSD-affiliated","UCSD only","Social impact","Traction","Social impact","Moderate","Tier 3","","Open – Rolling (event-specific)
GreenTech,Industry Agnostic,Social Enterprise
Low barrier to entry
fast format builds pitching skills quickly
multiple events per year create repeated practice and exposure
strong for UCSD founders building national investor relationships","https://www.svpsacramento.org/initiatives/fast-pitch/","Active",""
"Cooley LLP Venture Services (CooleyGO)","External program","Free startup legal resources and document templates via the CooleyGO platform; paid legal services with startup-friendly deferred/reduced fees for early-stage companies","Service","Non-cash support","Free document library (SAFEs; term sheets; NDAs); deferred/reduced fees for qualifying startups","2026-11-28","rolling","Rolling; next cycle when open","year round","Open to all","International / global","Software / AI","Idea","Software / digital","Moderate","Tier 3","","Open / Rolling
Industry Agnostic,LifeSci
Cooley is one of the most startup-friendly law firms in the US
CooleyGO provides free SAFEs and term sheets relied on by thousands of founders globally","https://www.cooleygo.com","Active",""
"Wilson Sonsini Goodrich & Rosati Startup Program","External program","Legal services for emerging tech and life sciences companies from formation through VC financing; startup-friendly fee arrangements including deferred billing for qualifying early-stage companies","Service","Non-cash support","Free initial consultation; deferred or reduced fees until first financing round","2026-11-28","rolling","Rolling; next cycle when open","year round","UCSD-affiliated","UCSD only","Healthcare / life sciences","Idea","Early-stage team","Moderate","Tier 3","","Open / Rolling
WSGR has represented more VC-backed startups than any other law firm
their startup-friendly billing model makes top-tier legal counsel accessible to early UCSD founders","https://www.wsgr.com","Active",""
"Orrick Tech Studio","External program","Free self-service legal and business resources for startups at all stages; includes document templates; legal guides; and access to Orrick attorneys through the Total Access program for qualifying early-stage companies","Service","Dilutive / equity","Free document library and legal guides online; reduced rates for qualifying early-stage startups via Total Access","2026-11-28","rolling","Rolling; next cycle when open","year round","UCSD-affiliated / Open to all","UCSD only","Social impact","Idea","Networking / support","Moderate","Tier 3","","Open / Rolling
Industry Agnostic
Orrick's Tech Studio is a leading free legal resource hub providing startup formation docs
SAFE notes
and equity templates used by founders globally — directly accessible to UCSD founders","https://www.orrick.com/tech-studio","Active",""
"Gunderson Dettmer Startup Legal Services","External program","Exclusive legal counsel for venture-backed startups covering formation; VC financing; executive compensation; and M&A; known for startup-friendly flat fees and deferred billing until first financing round","Service","Non-cash support","Flat-fee startup packages; deferred billing until first financing round","2026-11-28","rolling","Rolling; next cycle when open","year round","UCSD-affiliated","UCSD only","All industries","Any stage","General startup support","Low","Tier 4","","Open / Rolling
Gunderson Dettmer exclusively serves venture-backed startups
their deferred billing model means UCSD founders can access premium legal counsel without upfront cost until they close their first round","https://www.gundersondettmer.com","Active",""
"DLA Piper Accelerate Program","External program","Free startup legal toolkit and document templates for early-stage companies; paid legal services with startup-friendly flexible fee arrangements; global firm with active San Diego office serving Southern California startups","Service","Non-cash support","Free starter legal toolkit; flexible fee arrangements for qualified early-stage companies","2026-11-28","rolling","Rolling; next cycle when open","year round","UCSD-affiliated / Open to all / Regional / local","UCSD only","Software / AI","Idea","Software / digital","Moderate","Tier 3","","Open / Rolling
Industry Agnostic
DLA Piper has a strong San Diego presence
their Accelerate program gives startups access to world-class legal resources with startup-sensitive billing — valuable for cross-border UCSD founders","https://www.dlapiper.com/en-us","Active",""
"Fenwick & West Emerging Companies Group","External program","Legal services for technology and life sciences startups; startup-friendly billing with reduced fees and deferred payment options for qualifying companies; deep expertise in VC financing; IP; and M&A transactions","Service","Non-cash support","Reduced/deferred fees for qualifying early-stage startups; startup document library available online","2026-11-28","rolling","Rolling; next cycle when open","year round","UCSD-affiliated","UCSD only","Healthcare / life sciences","Any stage","General startup support","Low","Tier 4","","Open / Rolling
Fenwick & West is top-ranked for technology and life sciences legal work
particularly valuable for UCSD founders in biotech and deep tech who need specialized IP and regulatory counsel","https://www.fenwick.com","Active",""
"Morrison Foerster Startup & Venture Capital Group","External program","Legal services for startups and venture-backed companies; startup-friendly fee structures; strong life sciences and technology practice; San Diego office serves Southern California innovation ecosystem","Service","Dilutive / equity","Flexible startup fee structures; reduced initial engagement rates for early-stage companies","2026-11-28","rolling","Rolling; next cycle when open","year round","UCSD-affiliated / Research / academic / Regional / local","UCSD only","Healthcare / life sciences","Any stage","General startup support","Low","Tier 4","","Open / Rolling
Industry Agnostic,LifeSci
MoFo has a strong San Diego office with deep life sciences expertise
particularly relevant for UCSD biotech and medtech founders commercializing university research through spinout companies","https://www.mofo.com","Active",""
"UCSD OIC Startup Legal & Advisory Resources","UC San Diego","Legal resources; startup guidance; and IP licensing support for UCSD-affiliated founders; assists with tech transfer; company formation strategy; and connections to legal counsel; investors; and ecosystem partners","Service","Non-cash support","Free advisory services; access to OIC mentor network; startup guidance; IP licensing assistance","2026-11-28","rolling","Rolling; next cycle when open","year round","UCSD-affiliated / Open to all / Research / academic","UCSD only","All industries","Any stage","Networking / support","Moderate","Tier 3","checked","Open / Rolling
Industry Agnostic
The OIC is every UCSD founder's first stop — providing free guidance on IP
licensing
legal resources
and ecosystem connections","https://innovation.ucsd.edu","Active",""
"USPTO Patent Pro Bono Program","External program","Connects financially under-resourced inventors and small businesses with volunteer registered patent practitioners who provide free patent prosecution assistance; regional providers operate across all 50 states","Service","Non-dilutive","Free patent prosecution assistance worth $5,000–$15,000+; covers patent application preparation and filing","2026-11-28","rolling","Rolling; next cycle when open","year round","UCSD-affiliated / Student-only / Regional / local","UCSD only","All industries","Any stage","Networking / support","Moderate","Tier 3","","Open / Rolling
Industry Agnostic
Filing a patent costs $10,000–$30,000+ with an attorney
this program eliminates that barrier for UCSD student and early-stage founders with potentially breakthrough IP but limited financial resources","https://www.uspto.gov/patents/basics/using-legal-services/pro-bono/patent-pro-bono-program","Active",""
"USPTO Patent & Trademark Resource Centers (PTRC)","External program","Network of public libraries providing free access to USPTO patent and trademark databases; patent search assistance; and educational resources; San Diego Public Library is a designated PTRC location","Service","Non-cash support","Free patent and trademark search assistance; access to USPTO databases; trained staff support — no cost","2026-11-28","rolling","Rolling; next cycle when open","year round","UCSD-affiliated / Regional / local","UCSD only","Software / AI","Any stage","Networking / support","Low","Tier 4","","Open / Rolling
San Diego Public Library hosts a PTRC giving UCSD founders free access to professional patent search tools and trained staff before paying for legal counsel — ideal for early-stage IP landscape analysis","https://www.uspto.gov/learning-and-resources/patent-trademark-resource-centers","Active",""
"AWS Activate","External program","Free AWS cloud credits; technical training; and business support for startups; Founders tier is open to all; Portfolio tier offers up to $100,000+ in credits for accelerator- or VC-backed startups","Service","Non-dilutive","$1,000–$100,000+ in AWS credits; technical support credits; AWS training and certification resources","2026-11-28","rolling","Rolling; next cycle when open","year round","Open to all / Research / academic","National / U.S.","Software / AI","Any stage","Software / digital","Moderate","Tier 3","","Open / Rolling
Industry Agnostic,Software
AWS powers a majority of the internet
free credits can eliminate infrastructure costs for years
AWS technical support and training are best-in-class resources for building scalable cloud-native startups","https://aws.amazon.com/activate","Active",""
"Google Cloud for Startups","External program","Up to $350,000 in Google Cloud credits for early-stage startups plus technical mentorship; architecture guidance; and access to Google AI/ML tools including Vertex AI and Gemini models","Service","Non-dilutive","Up to $350,000 in cloud credits; technical mentorship; AI/ML tool access (Vertex AI; Gemini); architecture support","2026-11-28","rolling","Rolling; next cycle when open","year round","General access","National / U.S.","Software / AI","Idea","Software / digital","Moderate","Tier 3","","Open / Rolling
Artificial Intelligence,Industry Agnostic,Software
Google Cloud credits cover real infrastructure costs and the included AI/ML tools are critical for AI-native startups — nearly all AI unicorns run on Google Cloud making early adoption strategically valuable","https://cloud.google.com/startup","Active",""
"Microsoft for Startups Founders Hub","External program","Azure cloud credits; access to AI tools (GitHub Copilot; Azure OpenAI); technical documentation; and business support for startups; uniquely requires no VC backing or revenue to join","Service","Non-cash support","Up to $150,000 in Azure credits; GitHub Copilot access; Azure AI tools; technical documentation and support resources","2026-11-28","rolling","Rolling; next cycle when open","year round","UCSD-affiliated / Student-only","UCSD only","Software / AI","Prototype","Software / digital","Moderate","Tier 3","","Open / Rolling
Artificial Intelligence,Industry Agnostic,Software
Founders Hub is the most accessible cloud startup program — no VC backing needed — making it the ideal starting point for UCSD student founders who want cloud infrastructure and AI tools before raising their first round","https://www.microsoft.com/en-us/startups","Active",""
"GitHub for Startups","External program","Provides eligible startups with 20 seats of GitHub Teams free for one year plus access to GitHub's code collaboration; CI/CD pipelines; and security tools; requires referral from a partner VC or accelerator","Service","Non-cash support","20 seats of GitHub Teams free for 1 year (approx. $4,800 value); year-2 discounts available","2026-11-28","rolling","Rolling; next cycle when open","year round","UCSD-affiliated / Research / academic","UCSD only","Engineering / technology","Any stage","Research spinout","Moderate","Tier 3","","Open / Rolling
GitHub is the standard code collaboration platform
free Teams removes per-seat costs and provides professional code review
security scanning
and CI/CD tooling for early engineering teams at UCSD-affiliated startups","https://github.com/enterprise/startups","Active",""
"GitLab for Startups","External program","Free access to GitLab top-tier plans for qualifying startups; includes the full DevSecOps platform with CI/CD automation; security scanning; compliance; and AI-powered code suggestions via GitLab Duo","Service","Non-cash support","Free GitLab Ultimate or Premium (value: up to $99/user/month); full DevSecOps platform access","2026-11-28","rolling","Rolling; next cycle when open","year round","Research / academic","National / U.S.","Healthcare / life sciences","Any stage","Research spinout","Moderate","Tier 3","","Open / Rolling
Artificial Intelligence,Software
GitLab Ultimate includes enterprise-grade security scanning and compliance tools that startups in regulated industries (healthcare
finance) need without the typical high cost","https://about.gitlab.com/solutions/startups/","Active",""
"Zendesk for Startups","External program","Up to 2 years of Zendesk customer service software free for eligible funded startups; includes AI-powered ticketing; live chat; knowledge base; and omnichannel support tools","Service","Non-cash support","Up to 2 years of Zendesk Suite free (value: $5,000–$50,000+)","2026-11-28","rolling","Rolling; next cycle when open","year round","General access","National / U.S.","Software / AI","Any stage","Software / digital","Low","Tier 4","","Open / Rolling
Artificial Intelligence,Industry Agnostic,Software
Two years of free enterprise customer service software lets early teams build world-class support operations — critical for B2C and B2B startups — before runway is needed for paid tooling","https://www.zendesk.com/lp/startups/","Active",""
"Intercom Early Stage Program","External program","93% off Intercom in year 1 (~$33/month) plus 1 year of Fin AI Agent free; year 2 at 50% off and year 3 at 25% off; includes customer messaging; support helpdesk; and AI sales qualification tools","Service","Non-dilutive","93% off year 1 (~$33/month); 50% off year 2; 25% off year 3; 1 year Fin AI Agent free (300 AI outcomes/month)","2026-11-28","rolling","Rolling; next cycle when open","year round","UCSD-affiliated","UCSD only","Software / AI","Any stage","Software / digital","Moderate","Tier 3","","Open / Rolling
Artificial Intelligence,Industry Agnostic,Software
Intercom is the leading conversational support platform
93% off makes enterprise-grade customer communication tools affordable from day one for UCSD founders building consumer or B2B products","https://www.intercom.com/early-stage","Active",""
"Twilio / Segment Startup Program","External program","Startup-friendly access to Twilio's communications APIs (SMS; email; voice; video) and Segment's customer data platform; free credits and discounted plans enable startups to build communications and analytics infrastructure","Service","Non-cash support","Free API credits for Twilio services; startup pricing on communications APIs; discounted Segment CDP plans for qualifying startups","2026-11-28","rolling","Rolling; next cycle when open","year round","Research / academic","National / U.S.","Software / AI","Any stage","Software / digital","Low","Tier 4","","Open / Rolling
Industry Agnostic,Software
Twilio and Segment are foundational infrastructure for B2C and B2B startups
startup pricing removes the barrier to building scalable communications and user analytics from day one","https://www.twilio.com/en-us/solutions/startups","Active",""
"Mixpanel for Startups","External program","Full year of Mixpanel free covering all features worth approximately $145,000; includes product analytics; session replay; event tracking; and 1 billion events per month; 11,000+ startups currently enrolled","Service","Non-dilutive","1 full year free (value ~$145,000); 1 billion events/month; full product suite including session replay and experimentation","2026-11-28","rolling","Rolling; next cycle when open","year round","UCSD-affiliated","UCSD only","Software / AI","Prototype","Software / digital","Moderate","Tier 3","","Open / Rolling
Product analytics are essential for reducing churn and optimizing growth
a year of free Mixpanel at enterprise scale lets UCSD founders make data-driven product decisions without infrastructure cost","https://mixpanel.com/startups","Active",""
"Amplitude for Startups","External program","One year of free access to the Amplitude Growth plan including product analytics; feature experimentation; web experimentation; session replay; and activation tools; plus competitive lifetime discounts thereafter","Service","Non-cash support","1 year free Growth plan; lifetime competitive discounts; full product suite access","2026-11-28","rolling","Rolling; next cycle when open","year round","UCSD-affiliated","UCSD only","Software / AI","Prototype","Software / digital","Moderate","Tier 3","","Open / Rolling
Artificial Intelligence,Software
Amplitude is a leading product analytics platform
the free year plus lifetime discounts give UCSD founders enterprise-grade behavioral analytics and experimentation at zero cost during the critical product-market fit stage","https://amplitude.com/startups","Active",""
"Brex for Startups","External program","All-in-one financial platform for startups including business banking; corporate cards with no personal guarantee; bill pay; expense management; and treasury services; trusted by 1 in 3 US venture-backed startups","Service","Non-cash support","Free business banking; no-fee corporate card with up to 30x credit limits; up to $6M FDIC insurance; up to 4.36% yield on treasury","2026-11-28","rolling","Rolling; next cycle when open","year round","UCSD-affiliated","UCSD only","All industries","Any stage","Software / digital","Low","Tier 4","","Open / Rolling
Industry Agnostic
Brex eliminates the personal credit check barrier and provides an all-in-one financial stack that replaces multiple tools — critical for UCSD founders managing early VC funds or bootstrapped capital","https://www.brex.com/solutions/startups","Active",""
"Mercury Bank","External program","Startup-focused banking platform offering business checking and savings with no monthly fees; built specifically for startups with API access; financial analytics; granular permissions; and FDIC coverage","Service","Non-cash support","Free business banking; no monthly fees; no minimum balance; up to $5M FDIC insurance; high-yield treasury options","2026-11-28","rolling","Rolling; next cycle when open","year round","UCSD-affiliated","UCSD only","All industries","Any stage","Software / digital","Low","Tier 4","","Open / Rolling
Industry Agnostic
Mercury has become the go-to bank for VC-backed startups due to its startup-friendly features
no-fee structure
and clean interface — most UCSD-affiliated startup programs recommend Mercury as the first banking step","https://mercury.com","Active",""
"Stripe Atlas","External program","Guided online service to incorporate a startup as a Delaware C-Corp or LLC in days; includes registered agent; US bank account access; Stripe payments account; equity plan template; and $50,000+ in partner perks","Service","Dilutive / equity","$500 one-time fee; 1-year registered agent; equity plan template; $2,500 Stripe processing credits; $50,000+ in partner discounts","2026-11-28","rolling","Rolling; next cycle when open","year round","UCSD-affiliated / Student-only","UCSD only","Social impact","Any stage","Social impact","Low","Tier 4","","Open / Rolling
Industry Agnostic
Delaware C-Corp is the standard for VC-backed startups
Stripe Atlas bundles incorporation with banking
legal docs
and payments setup — ideal for international UCSD students who need a US entity to raise from US investors","https://stripe.com/atlas","Active",""
"Clerky","External program","Online legal document platform for startups specializing in Delaware C-Corp incorporation and venture financing paperwork including SAFEs; Series Seed; and Series A documents; widely recommended by YC-affiliated founders","Service","Non-cash support","$427 incorporation; $49–$299 per financing document set; significantly lower cost than traditional law firm rates","2026-11-28","rolling","Rolling; next cycle when open","year round","General access","National / U.S.","All industries","Traction","Software / digital","Low","Tier 4","","Open / Rolling
Industry Agnostic
YC and top VCs recommend Clerky as the most reliable and cost-effective way for startups to handle legal paperwork without law firm rates — widely trusted for safe-harbor-compliant formation and financing documents","https://www.clerky.com","Active",""
"Carta Cap Table Management","External program","Equity management platform providing cap table management; 409A valuations; equity plan administration; and investor reporting; free Launch plan available for companies with fewer than 25 stakeholders","Service","Dilutive / equity","Free Launch plan for startups with fewer than 25 stakeholders; paid plans for growing cap tables; 409A valuations included in higher tiers","2026-11-28","rolling","Rolling; next cycle when open","year round","Research / academic","National / U.S.","Social impact","Traction","Research spinout","Moderate","Tier 3","","Open / Rolling
Industry Agnostic
Carta is the industry standard for cap table management — clean equity records are essential for raising VC and avoiding costly cap table cleanup later
recommended by virtually all startup investors and law firms","https://carta.com","Active",""
"EvoNexus Incubator","External program","Free not-for-profit technology incubator in San Diego providing coworking space; strategic advisors; and capital connections to accepted early-stage tech startups; 1% equity taken by non-profit; supported by corporate partners since 2010","Incubator","Dilutive / equity","Free coworking space; strategic advisor access; investor introductions; corporate partner network — no equity taken","2026-11-28","rolling","Rolling; next cycle when open","year round","UCSD-affiliated / Regional / local","UCSD only","Social impact","Idea","Social impact","Moderate","Tier 3","","Open / Rolling (cohort-based)
Software,Tech
EvoNexus is San Diego's most established free tech incubator — companies including ServiceNow launched there
the no-equity model is exceptionally rare and preserves full ownership for UCSD founders","https://evonexus.org","Active",""
"CoLab Bayer","External program","Life sciences incubator providing subsidized lab space; presence in Berlin, Cambridge (MA), Kobe, Shanghai; shared equipment; scientific mentorship from Bayer researchers; and business support for biotech and pharmaceutical startups","Incubator","Non-cash support","Subsidized lab space; shared equipment access; scientific mentorship from Bayer scientists; business advisory support","2026-11-28","rolling","Rolling; next cycle when open","annual","Research / academic","National / U.S.","Healthcare / life sciences","Any stage","Research spinout","Moderate","Tier 3","","Open / Rolling (cohort-based)
LifeSci,Tech
Bayer CoLaborator provides subsidized access plus mentorship from world-class researchers — dramatically reducing burn rate for life sciences spinouts","https://colab.bayer.com/","Active",""
"UCSD Research Park Office Space","UC San Diego","Office and lab space adjacent to UCSD campus in the Torrey Pines Mesa research corridor; houses biotech; pharma; and tech companies with close proximity to university talent; core facilities; and research resources","Other","Non-dilutive","Office and lab space at competitive market rates; access to UCSD talent pipeline and core shared research facilities","2026-11-28","rolling","Rolling; next cycle when open","year round","UCSD-affiliated / Student-only / Research / academic","UCSD only","Healthcare / life sciences","Any stage","Research spinout","Strong","Tier 2","checked","Open / Rolling
LifeSci,Tech
Physical proximity to UCSD provides a competitive advantage for startups needing university equipment
faculty collaboration
and student talent — Research Park provides a natural continuum from campus to commercial","https://realestate.ucsd.edu","Not Active",""
"Calit2 / Qualcomm Institute Lab Access","UC San Diego","Access to world-class research facilities; specialized labs; and technology resources at UCSD supporting prototyping and research commercialization in areas including IoT; VR/AR; networking; and biomedical engineering","Other","Non-dilutive","Access to specialized labs (VR/AR studios; fabrication; biomedical; network testbeds); equipment and facilities at subsidized research rates","2026-11-28","rolling","Rolling; next cycle when open","year round","UCSD-affiliated / Research / academic","UCSD only","Healthcare / life sciences","Prototype","Research spinout","Excellent","Tier 1","","Open / Rolling (project-based)
LifeSci,Tech
Calit2 houses facilities that cannot be commercially replicated — UCSD founders can prototype and validate technology at research quality before commercializing
a major advantage over non-university-affiliated startups","https://qi.ucsd.edu","Active","checked"
"Downtown Works San Diego","San Diego ecosystem","Premium coworking space in downtown San Diego offering flexible hot desks; dedicated desks; private offices; and event space with startup-friendly month-to-month memberships in the heart of San Diego's business district","Other","Non-dilutive","Flexible memberships from ~$150/month for hot desk; private offices; meeting room access; event space; full amenities","2026-11-28","rolling","Rolling; next cycle when open","year round","Regional / local","San Diego region","Social impact","Any stage","General startup support","Low","Tier 4","","Open / Rolling
Industry Agnostic
Downtown Works provides a professional environment for client meetings and concentrated work
plus direct networking with San Diego's downtown startup
and corporate community","https://downtownworks.com","Active",""
"SCORE San Diego Chapter","San Diego ecosystem","Free confidential business mentoring from experienced volunteers including former executives and entrepreneurs; unlimited one-on-one sessions and low-cost small business workshops available across San Diego and online","Other","Non-dilutive","Free unlimited mentoring sessions; free or low-cost workshops; access to SCORE's online webinar and resource library","2026-11-28","rolling","Rolling; next cycle when open","year round","UCSD-affiliated / Research / academic / Regional / local","UCSD only","Software / AI","Any stage","Research spinout","Moderate","Tier 3","","Open / Rolling
Industry Agnostic
SCORE mentors have real operational experience as executives and entrepreneurs
free unlimited sessions make SCORE one of the highest-ROI support resources available to bootstrapped UCSD founders at any stage","https://www.score.org/ca/san-diego","Active",""
"TiE San Diego","San Diego ecosystem","Global non-profit entrepreneurship network with an active San Diego chapter providing mentorship; networking events; and educational programming; strong focus on connecting founders with successful entrepreneur-mentors","Other","Non-dilutive","Mentorship access; monthly networking events; educational programs; global TiE network access","2026-11-28","rolling","Rolling; next cycle when open","year round","UCSD-affiliated / Student-only / Open to all / Research / academic / Regional / local","UCSD only","All industries","Any stage","Networking / support","Moderate","Tier 3","","Open / Rolling
Industry Agnostic,LifeSci","https://tiesandiego.com/","Active",""
"CONNECT Springboard Program","San Diego ecosystem","Free flexible mentoring and advising program for innovation founders ready to scale; focused on life sciences and hi-tech; provides customized advisor matching; growth coaching; and investor introductions at no cost","Other","Non-dilutive","Free customized advisory program; expert advisor matching; CONNECT mentor network access; investor introductions; no equity taken","2026-11-28","rolling","Rolling; next cycle when open","year round","Regional / local","San Diego region","Healthcare / life sciences","Traction","Networking / support","Moderate","Tier 3","","Open / Rolling
CONNECT is San Diego's most influential innovation ecosystem organization
Springboard provides structured mentoring from executives who have built and sold companies in San Diego with warm local investor introductions","https://connect.org/springboard","Active",""
"Founders Network","External program","Peer mentorship community for tech startup founders providing access to 600+ founder members; private forums; expert Q&A; and accelerator-grade discounts on hosting; banking; legal; HR; and SaaS tools","Other","Non-dilutive","600+ founder peer network; private forums; accelerator-grade discounts on essential startup tools","2026-11-28","rolling","Rolling; next cycle when open","year round","UCSD-affiliated / Regional / local","UCSD only","Social impact","Any stage","Social impact","Moderate","Tier 3","","Open / Rolling
The peer mentorship model means operators advise operators
access to 600+ experienced founders plus aggregated tool discounts provide outsized ROI on membership for UCSD founders seeking peer accountability","https://foundersnetwork.com","Active",""
"Entrepreneurs' Organization (EO) San Diego","San Diego ecosystem","Global peer network of entrepreneurs with a San Diego chapter providing monthly peer learning forums; annual events; and EO learning programs for business owners who have reached significant revenue milestones","Network","Non-dilutive","Monthly peer forum groups (6–8 CEOs); global conference access; EO University learning programs; global network","2026-11-28","rolling","Rolling; next cycle when open","year round","UCSD-affiliated / Open to all / Regional / local","UCSD only","All industries","Traction","Networking / support","Excellent","Tier 1","","Open / Rolling
Industry Agnostic
EO's Forum model creates confidential peer groups of 6–8 CEOs — one of the most powerful entrepreneurial development formats globally
highly relevant for UCSD founders who have scaled past $1M ARR","https://member.eonetwork.org/sandiego/","Active","checked"
"San Diego Startup Week","San Diego ecosystem","Annual 5-day startup festival bringing together thousands of founders; investors; builders; and leaders; featuring 40+ events; workshops; keynote speakers; and networking across San Diego's innovation community","Other","Non-dilutive","Access to 40+ events; investor and mentor networking; workshops; keynote programming; community connections","2026-11-13","expected","Open November 2–6 2026","annual","UCSD-affiliated / Regional / local","UCSD only","Social impact","Any stage","Social impact","Moderate","Tier 3","","Industry Agnostic
San Diego Startup Week is the premier annual gathering of the San Diego startup community — UCSD founders can meet local investors
potential co-founders
and enterprise customers in one concentrated week","https://sandiegostartupweek.org","Active",""
"CONNECT Innovation Summit","San Diego ecosystem","Annual flagship innovation conference in San Diego featuring panels; pitch opportunities; and networking connecting entrepreneurs; investors; corporate leaders; and researchers across life sciences and technology","Other","Non-dilutive","Networking with top life sciences and tech investors; pitch competition opportunities; thought leadership programming; CONNECT community access","2026-11-13","expected","Next open solicitation window","annual","UCSD-affiliated / Research / academic / Regional / local","UCSD only","Healthcare / life sciences","Any stage","Research spinout","Moderate","Tier 3","","CONNECT's summit is where San Diego's life sciences and tech ecosystems converge — critical for UCSD biotech and deep tech founders to meet the investors and corporate partners who fund San Diego companies","https://connect.org","Active",""
"San Diego Tech Hub","San Diego ecosystem","Community organization building San Diego's technology ecosystem through networking events; advocacy; talent development; and startup support programming; active community across LinkedIn and the San Diego region","Network","Non-cash support","Free networking events; community membership; talent connections; technology ecosystem resources","2026-11-28","rolling","Rolling; next cycle when open","year round","UCSD-affiliated / Regional / local","UCSD only","Social impact","Any stage","Social impact","Moderate","Tier 3","","Open / Rolling
Industry Agnostic
San Diego Tech Hub is actively building the region's technology talent and startup ecosystem — valuable for UCSD founders seeking co-founders
early employees
and community connections in San Diego's growing tech scene","https://www.linkedin.com/company/san-diego-tech-hub/","Active",""
"Hera Labs San Diego","San Diego ecosystem","Accelerator and entrepreneurship program for women founders in San Diego providing mentorship; pitch training; investor access workshops; and peer support community; focused on closing the gender entrepreneurship gap","Accelerator","Non-dilutive","Mentorship from experienced entrepreneurs; investor pitch training; workshops; speaker events; peer support community network","2026-11-28","rolling","Rolling; next cycle when open","biannual, twice a year","UCSD-affiliated / Student-only / Research / academic / Regional / local","UCSD only","Social impact","Any stage","Research spinout","Moderate","Tier 3","","Open / Rolling (cohort-based)
Industry Agnostic,Womxn
Hera Labs addresses the funding and support gap for women founders — UCSD's significant female student and faculty population makes this a particularly impactful resource for the university's innovation community","https://www.heralabs.com/","Not Active",""
"Founder Gym","External program","Online accelerator focused on underrepresented founders (Black; Latinx; women; veterans) providing fundraising curriculum; pitch development; investor network access; and community to close the venture funding gap","Accelerator","Non-dilutive","Fundraising curriculum; pitch coaching; investor network access; peer community; alumni network support","2026-11-28","rolling","Rolling; next cycle when open","annual","UCSD-affiliated / Student-only / Regional / local","UCSD only","Social impact","Any stage","Social impact","Strong","Tier 2","","Open / Rolling (cohort-based)
Artificial Intelligence,BIPOC,EdTech,Industry Agnostic,Veterans & family,Womxn
Founder Gym trains underrepresented founders specifically on raising VC capital — UCSD's diverse student population makes this highly relevant for founders who face additional systemic barriers to institutional funding","http://www.lightship.foundation/foundergym/","Active","checked"
"Latinx Startup Alliance","External program","National community and accelerator supporting Latinx entrepreneurs through education; mentorship; networking; pitch competitions; and investor connections; active community presence in San Diego region","Accelerator","Non-dilutive","Community membership; mentorship; pitch competition access; educational programs; investor and corporate partner connections","2026-11-28","rolling","Rolling; next cycle when open","year round","UCSD-affiliated / Student-only / Student + alumni / Regional / local","UCSD only","Social impact","Any stage","Social impact","Moderate","Tier 3","","Open / Rolling
BIPOC,Industry Agnostic
San Diego's diverse innovation community includes many Latinx founders — the Latinx Startup Alliance provides community-specific support and investor connections for UCSD's large Latinx student and alumni founder base","https://www.latinxstartupalliance.com","Not Active",""
"U.S. Commercial Service San Diego","San Diego ecosystem","Free and low-cost export counseling; international market research; trade mission access; and foreign buyer matching for US businesses seeking international market entry and global expansion opportunities","Other","Non-dilutive","Free export counseling sessions; country market research reports; Gold Key Service buyer matching; trade mission access","2026-11-28","rolling","Rolling; next cycle when open","year round","Open to all / Research / academic / Regional / local","San Diego region","All industries","Traction","Research spinout","Moderate","Tier 3","","Open / Rolling
Industry Agnostic
San Diego's location near Mexico and the Pacific Rim makes international expansion a natural path for startups — US Commercial Service provides free expert guidance on foreign market entry and buyer connections","https://www.trade.gov/california-san-diego","Active",""
"San Diego World Trade Center (SDWTC)","San Diego ecosystem","Trade assistance organization providing export education; international networking; and market intelligence for San Diego businesses; organizes international trade events and connects businesses with global trade partners","Other","Non-dilutive","Trade education events; international business networking; market intelligence resources; export advisory services; trade delegation access","2026-11-28","rolling","Rolling; next cycle when open","year round","UCSD-affiliated / Open to all / Regional / local","UCSD only","All industries","Any stage","Networking / support","Low","Tier 4","","Open / Rolling
EdTech,Industry Agnostic
SDWTC connects San Diego businesses with global trade networks and provides targeted export education — relevant for UCSD founders building products for international markets especially in the Asia-Pacific region","https://www.sandiegobusiness.org/wtcsd/","Active",""
"San Diego & Imperial SBDC – Free Business Advising","San Diego ecosystem","Free one-on-one business advising and low-cost training for entrepreneurs covering business planning; marketing; financial analysis; SBIR grants; government contracting; and startup strategy; hosted by UCSD Extension","Other","Non-dilutive","Free unlimited one-on-one advising; low-cost workshops and training; specialized SBIR grant and export counseling","2026-11-28","rolling","Rolling; next cycle when open","year round","UCSD-affiliated / Regional / local","UCSD only","Software / AI","Any stage","Software / digital","Strong","Tier 2","","Open / Rolling
Industry Agnostic
The San Diego SBDC is hosted by UCSD Extension — uniquely aligned with the UCSD ecosystem
free expert advising on SBIR grants
financial projections
and startup strategy is critical for non-VC-backed founders","https://sdivsbdc.org/","Active","checked"
"SBA Education & Events Center","External program","Free online training courses and resources covering business planning; marketing; finance; government contracting; and entrepreneurship fundamentals; available 24/7 via the SBA learning platform at no cost","Grant","Non-dilutive","Free on-demand online courses; live SBA events; government contracting and certification training; SBA resource guides","2026-11-28","rolling","Rolling; next cycle when open","year round","UCSD-affiliated / Research / academic","UCSD only","Software / AI","Any stage","Research spinout","Moderate","Tier 3","","Open / Rolling
EdTech,Industry Agnostic
SBA's free courses provide foundational business education — particularly valuable for UCSD technical founders who need business fundamentals like financial modeling
market sizing
and regulatory compliance basics","https://www.sba.gov/","Active",""
"UCSD Career Center – Startup Employer Services","UC San Diego","Connects startup employers with UCSD student interns and recent graduates through Handshake; provides on-campus recruiting support; virtual career fair access; and pipeline to UCSD's world-class engineering and science talent","Other","Non-dilutive","Free internship and job posting access via Handshake; career fair participation; on-campus recruiting support — minimal cost for registered employers","2026-11-28","rolling","Rolling; next cycle when open","year round","UCSD-affiliated / Student-only / Student + alumni","UCSD only","Healthcare / life sciences","Any stage","Software / digital","Moderate","Tier 3","checked","Open / Rolling
Industry Agnostic
UCSD graduates some of the strongest engineering
biomedical
and CS talent in the US — the Career Center gives affiliated startups direct pipeline access to this world-class talent at minimal cost","https://career.ucsd.edu","Active",""
"Handshake for Employers","External program","Early talent recruiting platform connecting employers with college students and recent graduates across 1,400+ universities; provides startup-friendly access to UCSD and top-tier university talent for internships and full-time roles","Other","Non-dilutive","Free basic employer profile; access to 15M+ student profiles; free job postings (limited monthly); paid plans for advanced recruiting features","2026-11-28","rolling","Rolling; next cycle when open","year round","UCSD-affiliated / Student-only / Student + alumni","UCSD only","All industries","Any stage","Software / digital","Moderate","Tier 3","","Open / Rolling
Industry Agnostic
Handshake is used by UCSD's Career Center as its primary job board — employers with Handshake profiles get direct visibility to UCSD's 40,000+ students actively seeking internships and entry-level positions","https://joinhandshake.com/employers","Active",""
"Young Entrepreneurs Council (YEC)","External program","Invite-only professional community for entrepreneurs age 45 and under providing peer mentorship; Forbes and Inc. contributor opportunities; curated networking; expert advisory forums; and business service discounts","Network","Non-cash support","Peer community access; thought leadership publishing opportunities (Forbes; Inc.); business service discounts; expert forum access","2026-11-13","rolling","Open (by application) N/A","year round","UCSD-affiliated / Regional / local","UCSD only","Social impact","Any stage","Social impact","Low","Tier 4","","Open (by application)
Industry Agnostic
YEC membership opens doors to thought leadership platforms and a curated community of successful young entrepreneurs — relevant for UCSD founders who have gained traction and want to build a national profile","https://yec.co","Active",""
"UCSD Rady School Venture Lab","UC San Diego","Entrepreneurship center at UCSD's business school providing startup education; mentorship; competitions; pitch coaching; and access to MBA co-founder and business partner network for UCSD students and alumni","Other","Non-dilutive","Free startup education; mentoring sessions; access to Rady's MBA network; pitch coaching; startup competition prize opportunities","2026-11-28","rolling","Rolling; next cycle when open","year round","UCSD-affiliated / Student-only / Student + alumni / Research / academic / Regional / local","UCSD only","All industries","Any stage","Research spinout","Excellent","Tier 1","checked","Open / Rolling
EdTech,Industry Agnostic
Rady's Venture Lab connects UCSD technical founders with business education
MBA co-founders
and a network of San Diego entrepreneurs — bridging the technical-to-business gap for research-heavy UCSD spinout founders","https://rady.ucsd.edu","Active","checked"
"San Diego Inventors Forum / California USPTO Pro Bono","San Diego ecosystem","Regional community and resource hub for inventors in San Diego connecting members with patent education; peer support; and pathways to pro bono or low-cost patent legal assistance through USPTO Pro Bono Program providers","Network","Non-dilutive","Patent education events; peer inventor community; connections to pro bono or low-cost patent attorneys; USPTO database access guidance","2026-11-28","rolling","Rolling; next cycle when open","year round","UCSD-affiliated / Student-only / Regional / local","UCSD only","Social impact","Any stage","Social impact","Moderate","Tier 3","","Open / Rolling
Industry Agnostic
Patent costs are a major barrier for UCSD student and early-stage founders
SDIF provides local community support and pathways to free patent legal help — making IP protection accessible without a $15,000–$30,000 attorney budget","https://sdinventors.org/","Active",""
"The Hive SD Coworking","External program","Community-focused coworking space in San Diego offering flexible hot desks; dedicated desks; private offices; and event hosting for startups; freelancers; and remote workers in a collaborative environment","Other","Non-dilutive","Flexible memberships from ~$100/month for hot desk; dedicated desk and private office options; meeting rooms; community events","2026-11-28","rolling","Rolling; next cycle when open","year round","Research / academic / Regional / local","San Diego region","Social impact","Any stage","Research spinout","Moderate","Tier 3","","Open / Rolling
Industry Agnostic
The Hive SD provides a professional and collaborative community environment for early-stage founders who need flexible workspace
community connections
and event access without committing to long-term commercial leases","https://members.thehivecoworking.com/login","Active",""
"UCSD Calit2 Resources","UC San Diego","IP guidance, specialized research labs, and prototyping facilities for UCSD-affiliated deep tech startups in digital media, IoT, wireless communications, and sustainable living technology areas","Other","Non-dilutive","IP counseling; access to specialized fabrication and testing labs; prototyping equipment; collaborative research environment; industry partnership connections","2026-11-28","rolling","Rolling; next cycle when open","annual","UCSD-affiliated / Research / academic / Regional / local","UCSD only","Climate / energy","Any stage","Research spinout","Strong","Tier 2","checked","Calit2's $140M state-of-the-art facility provides deep tech founders with unique prototyping and testing infrastructure — critical for UCSD hardware and IoT founders who cannot replicate these facilities independently","https://calit2.org/businesses/","Active","checked"
"Salesforce Accelerate","External program","Equity-free accelerator for enterprise SaaS startups building on or integrating with Salesforce's ecosystem. Offers mentorship, GTM support, and Salesforce Ventures visibility.","Service","Non-cash support","Mentorship, credits, and Salesforce ecosystem access","2026-11-28","rolling","Rolling; next cycle when open","annual","General access","National / U.S.","Social impact","Any stage","Social impact","Low","Tier 4","","Direct pipeline into Salesforce's massive enterprise customer base and potential Salesforce Ventures follow-on investment","https://www.salesforce.com/company/ventures/","Active",""
"HubSpot for Startups","External program","Discounted access to HubSpot's full CRM, marketing, sales, and customer service platform for eligible early-stage startups. Tiered pricing based on funding stage.","Service","Non-cash support","Up to 90% off HubSpot software in year 1","2026-11-28","rolling","Rolling; next cycle when open","year round","General access","National / U.S.","Software / AI","Idea","Software / digital","Moderate","Tier 3","","HubSpot's full GTM stack at up to 90% off is critical for startups building sales and marketing infrastructure affordably","https://www.hubspot.com/startups","Active",""
"Notion for Startups","External program","Free or heavily discounted access to Notion's workspace platform for early-stage startups, including team collaboration and knowledge management tools.","Service","Non-cash support","Up to 6 months free Notion Plus + additional credits","2026-11-28","rolling","Rolling; next cycle when open","year round","Research / academic","National / U.S.","Software / AI","Idea","Research spinout","Moderate","Tier 3","","Notion has become the default knowledge management tool for startups — free access removes a key operational overhead cost","https://www.notion.so/startups","Active",""
"Airtable for Startups","External program","Discounted access to Airtable's no-code database and workflow platform for early-stage startups, enabling rapid product and operations tooling.","Service","Non-cash support","$500in Airtable credits","2026-11-28","rolling","Rolling; next cycle when open","year round","General access","National / U.S.","Engineering / technology","Idea","Software / digital","Strong","Tier 2","","Artificial Intelligence,Software
Essential for startups building internal tools or databases without engineering resources — saves significant early-stage tooling costs","https://airtable.com/appGGpHNlmMUkfLol/shrghfGlQLt411Tyr","Active","checked"
"Twilio Startups","External program","Credits and support for startups building with Twilio's communications APIs, including SMS, voice, video, and email (SendGrid) infrastructure.","Service","Non-cash support","Up to $5K-$20K in Twilio credits depending on tier","2026-11-28","rolling","Rolling; next cycle when open","year round","General access","National / U.S.","Software / AI","Any stage","Software / digital","Low","Tier 4","","Communication infrastructure is table stakes for most startups — Twilio credits eliminate a significant variable cost","https://www.twilio.com/en-us/solutions/startups","Active",""
"Cloudflare for Startups","External program","Generous credits program providing access to Cloudflare's full platform including CDN, Zero Trust security, Workers, and AI Gateway for qualifying startups.","Service","Non-dilutive","Up to $350K in Cloudflare service credits","2026-11-28","rolling","Rolling; next cycle when open","year round","General access","National / U.S.","Software / AI","Any stage","Software / digital","Moderate","Tier 3","","Cybersecurity,Software
The most generous credits package in the infrastructure space — $350K covers edge compute","https://www.cloudflare.com/forstartups/","Active",""
"Vercel for Startups","External program","Free or discounted access to Vercel's frontend cloud platform and deployment infrastructure for early-stage startups building on Next.js or other frameworks.","Service","Non-cash support","Up to $25K in Vercel credits per year","2026-11-28","rolling","Rolling; next cycle when open","year round","General access","National / U.S.","Software / AI","Idea","Software / digital","Moderate","Tier 3","","Artificial Intelligence,Machine/Deep Learning,Software
Industry-standard frontend deployment platform — free credits mean startups can ship faster without worrying about hosting costs","https://vercel.com/startups","Active",""
"MongoDB for Startups","External program","Credits and support for startups building on MongoDB Atlas (cloud database), including technical mentorship, go-to-market support, and co-marketing opportunities.","Service","Non-cash support","Up to $5K-$500K in Atlas credits depending on stage and partner","2026-11-28","rolling","Rolling; next cycle when open","year round","General access","National / U.S.","Software / AI","Any stage","Software / digital","Moderate","Tier 3","","Artificial Intelligence,Machine/Deep Learning,Software
MongoDB Atlas is the most widely used cloud database — credits can cover years of database costs for data-intensive startups","https://www.mongodb.com/startups","Active",""
"Cisco Entrepreneurs in Residence","External program","Structured program where Cisco provides funding, workspace, technical access, and mentorship to entrepreneurs building enterprise networking and security solutions.","Accelerator","Non-dilutive","Salary/stipend + budget + Cisco technical resources","2026-11-28","rolling","Rolling; next cycle when open","year round","General access","National / U.S.","Software / AI","Any stage","Software / digital","Moderate","Tier 3","","Cybersecurity,Software
Rare opportunity to build inside a Fortune 50 company with full resource access — ideal for deep enterprise infrastructure founders","https://www.cisco.com/c/en/us/about/cda/spinouts.html","Not Active",""
"Pfizer Breakthrough Science Initiative","External program","Grant and collaboration program supporting innovative science in areas aligned with Pfizer's R&D priorities including oncology, rare disease, and infectious disease.","Grant","Non-dilutive","Varies; typically $100K–$1M grants","2026-11-28","rolling","Rolling; next cycle when open","annual","Research / academic","National / U.S.","Healthcare / life sciences","Any stage","Research spinout","Strong","Tier 2","","LifeSci,Tech
Direct research partnership with one of the world's largest pharma companies — provides both capital and potential licensing/acquisition pathway","https://www.pfizer.com/science/research-development","Active","checked"
"Bayer G4A Digital Health","External program","Corporate accelerator and partnership program for digital health startups, offering funding, pilot programs with Bayer, and global healthcare market access.","Accelerator","Non-dilutive","€50K–€200K equity investment + commercial pilot","2026-11-13","expected","Active Cohort-based","annual","Open to all","International / global","Healthcare / life sciences","Prototype","Research spinout","Strong","Tier 2","","HealthTech,LifeSci
Bayer's G4A provides both capital and a commercial pilot pathway into one of the world's largest pharmaceutical ecosystems","https://g4a.health/","Active","checked"
"AstraZeneca Open Innovation","State of California","Investment and partnership arm supporting early-stage biotech and digital health companies aligned with AstraZeneca's focus areas in oncology, CVRM, and respiratory.","Grant","Non-dilutive","Varies; typically $500K–$5M","2026-11-28","rolling","Rolling; next cycle when open","year round","General access","National / U.S.","Healthcare / life sciences","Idea","Research spinout","Strong","Tier 2","","HealthTech,LifeSci,Tech
Strategic AZ partnership can dramatically accelerate clinical development for biotech startups in oncology or cardiovascular disease","https://openinnovation.astrazeneca.com/","Active","checked"
"Roche Venture Fund","External program","Venture investment and partnership program from Roche supporting startups in diagnostics, digital health, and biopharmaceuticals that align with Roche's research pipeline.","Investment","Dilutive / equity","$500K–$10M typical range","2026-11-28","rolling","Rolling; next cycle when open","year round","Open to all / Research / academic","International / global","Healthcare / life sciences","Any stage","Research spinout","Moderate","Tier 3","","Artificial Intelligence,HealthTech,LifeSci,Tech
Roche is the world's largest diagnostics company — investment creates direct pathway to the global diagnostics and pharma market","https://www.roche.com/venturefund","Active",""
"Novartis Biome (Digital Health)","External program","Innovation hub and partnership program focused on digital health solutions that can transform disease management and patient outcomes across Novartis therapeutic areas.","Accelerator","Non-dilutive","Access to patient data, clinical expertise, and Novartis commercial channels","2026-11-28","rolling","Rolling; next cycle when open","year round","General access","National / U.S.","Healthcare / life sciences","Any stage","Research spinout","Moderate","Tier 3","","Artificial Intelligence,HealthTech
Novartis Biome provides rare access to real-world patient data and clinical partnerships that can validate digital health products at scale","https://www.novartis.com/partnering/biome","Active",""
"Breakthrough Energy Ventures","External program","Multi-billion dollar venture fund investing in early-stage climate and energy technology companies. Patient capital with a 20-year horizon for transformative clean energy.","Investment","Dilutive / equity","$1M–$50M+ across multiple rounds","2026-11-28","rolling","Rolling; next cycle when open","year round","General access","National / U.S.","Climate / energy","Idea","Climate / cleantech","Low","Tier 4","","Energy,Green Energy,GreenTech
Largest dedicated climate tech venture fund in the world — provides patient capital for technologies that need decades to mature","https://www.breakthroughenergy.org/programs","Active",""
"Bezos Earth Fund","External program","$10B philanthropic fund providing grants for climate solutions, biodiversity protection, and environmental justice. Largest private commitment to climate philanthropy.","Grant","Non-dilutive","$1M–$100M+ grants","2026-11-28","rolling","Rolling; next cycle when open","annual","General access","National / U.S.","Climate / energy","Any stage","Climate / cleantech","Moderate","Tier 3","","Artificial Intelligence,GreenTech,Sustainability
One of the largest single philanthropic climate commitments — funds systemic change projects that no venture fund would touch","https://www.bezosearthfund.org/","Active",""
"Grantham Foundation for the Protection of the Environment","External program","Philanthropic grants supporting environmental science, policy research, and conservation organizations working on climate change mitigation and biodiversity protection.","Grant","Non-dilutive","$50K–$2M grants","2026-11-28","rolling","Rolling; next cycle when open","annual","Research / academic","National / U.S.","Climate / energy","Any stage","Research spinout","Strong","Tier 2","","GreenTech
Grantham Foundation's targeted environmental grants fund the research and advocacy infrastructure underlying major climate policy wins","https://www.granthamfoundation.org/","Active","checked"
"Schmidt Futures Innovation Fellows","External program","Fellowship program supporting exceptional emerging scientists and technologists working on high-impact research at the intersection of technology and society.","Grant","Non-dilutive","$200K+ fellowship package","2027-01-31","expected","Next annual cycle (2027)","annual","Research / academic","National / U.S.","Social impact","Any stage","Research spinout","Strong","Tier 2","","Prestigious fellowship that provides both financial runway and elite network access for the most ambitious early-career technologists","https://www.schmidtfutures.com/our-work/schmidt-futures-innovation-fellows/","Active","checked"
"MacArthur Foundation 100&Change","External program","$100M single grant competition for a bold solution to a significant social challenge. Open to any field and any type of organization globally.","Competition","Non-dilutive","$100M single grant","2026-11-13","expected","Active Open call (every 3 years)","annual","Open to all","International / global","Social impact","Any stage","Social impact","Moderate","Tier 3","","Social Enterprise
The single largest unrestricted grant competition in philanthropy — $100M with no restrictions can transform any organization's impact trajectory","https://www.macfound.org/programs/100change/","Active",""
"Robert Wood Johnson Foundation","External program","Largest US health-focused philanthropy providing grants for health equity, public health systems, and community health innovations across the United States.","Grant","Dilutive / equity","$50K–$5M typical grants","2026-11-28","rolling","Rolling; next cycle when open","annual","Regional / local","National / U.S.","Healthcare / life sciences","Any stage","Research spinout","Moderate","Tier 3","","HealthTech
RWJF is the cornerstone funder of health equity in the US — essential for startups and nonprofits solving structural health disparities","https://www.rwjf.org/","Active",""
"Gates Foundation Grand Challenges","External program","Open innovation grants for breakthrough solutions to global health, development, and poverty challenges. Includes Grand Challenges Explorations ($100K) and full awards ($1M+).","Competition","Non-dilutive","$100K (Explorations) to $5M+ (full awards)","2026-11-13","rolling","Active Multiple open calls","year round","Open to all","International / global","Healthcare / life sciences","Any stage","Research spinout","Moderate","Tier 3","","Agriculture,EdTech
One of the most accessible large-grant programs globally — Explorations grants are low-barrier entry points for bold early-stage ideas","https://gcgh.grandchallenges.org/grant-opportunities","Active",""
"Wellcome Innovator Awards","External program","Funding for researchers and innovators developing tools, technologies, and interventions for global health challenges. Flexible research funding with career development support.","Grant","Non-dilutive","£100K–£500K over 1-3 years","2026-11-28","rolling","Rolling; next cycle when open","annual","Open to all / Research / academic","International / global","Healthcare / life sciences","Any stage","Research spinout","Moderate","Tier 3","","HealthTech,LifeSci,Tech
Wellcome's flexible research grants allow innovators to pursue high-risk global health ideas that commercial funding wouldn't support","https://wellcome.org/grant-funding/schemes/innovator-awards","Not Active",""
"Rockefeller Foundation Programs","External program","Multi-program philanthropy advancing food systems, health, energy access, and economic equity through grants and impact investments to global organizations.","Grant","Dilutive / equity","$100K–$20M depending on program","2026-11-13","expected","Active By program","annual","Open to all","International / global","Healthcare / life sciences","Any stage","Research spinout","Moderate","Tier 3","","Energy,Food and Beverage,Green Energy,Social Enterprise
Century-old foundation with extraordinary global reach — Rockefeller grants open doors to sovereign government and multilateral partnerships","https://www.rockefellerfoundation.org/","Active",""
"Chan Zuckerberg Initiative Science","External program","Science philanthropy arm of CZI funding biomedical research, open science tools, and collaborative research networks with the ambitious goal of curing or managing all disease by end of century.","Grant","Non-dilutive","$1M–$50M+ for major grants; open tools are free","2026-11-28","rolling","Rolling; next cycle when open","annual","Research / academic","National / U.S.","Healthcare / life sciences","Any stage","Research spinout","Strong","Tier 2","","Artificial Intelligence,LifeSci
CZI's commitment to open science creates a public goods infrastructure that every life science startup benefits from — plus direct grant funding for aligned research","https://chanzuckerberg.com/science/science-funding/","Active","checked"
"Howard Hughes Medical Institute (HHMI)","External program","Prestigious US biomedical research funding through HHMI Investigator and Emerging Scientist programs. HHMI supports the scientist rather than the project — rare long-term funding.","Grant","Non-dilutive","$1M–$12M+ over 5-7 year appointments","2026-11-13","expected","Active By program (Investigator every 3-5 years)","annual","Research / academic","National / U.S.","Healthcare / life sciences","Any stage","Research spinout","Strong","Tier 2","","HHMI Investigator status is among the most prestigious in US biomedical science — provides decade-scale funding security that enables high-risk research","https://www.hhmi.org/","Active","checked"
"Simons Foundation Programs","External program","Major US science philanthropy funding mathematics, theoretical physics, autism research, and life sciences through investigator awards and collaborative research grants.","Grant","Non-dilutive","$500K–$10M+ depending on program","2026-11-13","expected","Active By program","annual","Research / academic","National / U.S.","Healthcare / life sciences","Any stage","Research spinout","Strong","Tier 2","","Simons is the dominant funder of fundamental science — essential for deep tech founders with academic roots in math or theoretical physics","https://www.simonsfoundation.org/funding-opportunities/","Active","checked"
"Kauffman Foundation Programs","External program","Entrepreneurship-focused philanthropy funding research, education, and direct support programs for founders. Includes grants for entrepreneurship ecosystems and minority founders.","Grant","Non-dilutive","$50K–$1M+ for ecosystem grants","2026-11-13","expected","Active By program","annual","Research / academic","National / U.S.","All industries","Any stage","Research spinout","Strong","Tier 2","","Kauffman is the leading voice and funder of entrepreneurship research in the US — grants support ecosystem builders who help thousands of founders","https://www.kauffman.org/funding/grants/","Active","checked"
"Ewing Marion Kauffman Fellows Program","External program","Competitive two-year fellowship for emerging venture capital investors providing peer learning, mentorship, and network access. Not a startup grant but builds VC access for founders.","Other","Dilutive / equity","Network access, mentorship, and credential","2027-01-31","expected","Next annual cycle (2027)","annual","General access","National / U.S.","Software / AI","Any stage","Networking / support","Moderate","Tier 3","","Becoming a Kauffman Fellow opens unparalleled VC networks — founders who understand the VC perspective raise better and faster","https://www.kauffmanfellows.org/","Active",""
"Skoll Foundation Awards","External program","Grants and recognition for leading social entrepreneurs who have demonstrated proven models for transformative change at scale. Includes Skoll Award for Social Innovation.","Grant","Non-dilutive","$1.25M over 3 years (Skoll Award)","2027-01-31","expected","Next annual cycle (2027)","annual","General access","National / U.S.","Social impact","Traction","Social impact","Moderate","Tier 3","","Social Enterprise
The Skoll Award is the most prestigious recognition in social entrepreneurship — $1.25M plus unparalleled convening and network access","https://skoll.org/about/skoll-awards/","Active",""
"Ashoka Fellowship","External program","Lifetime fellowship for social entrepreneurs with system-changing ideas. Provides stipend, professional support, and lifelong membership in a global community of changemakers.","Grant","Non-dilutive","Stipend ($2K–$3K/month for 3 years) + lifetime support","2026-11-28","rolling","Rolling; next cycle when open","year round","Open to all / Regional / local","International / global","Social impact","Idea","Social impact","Strong","Tier 2","","Social Enterprise
Ashoka Fellowship is transformational — lifetime membership in the world's oldest and largest social entrepreneur network with direct access to 4000+ Fellows","https://www.ashoka.org/en-us/program/ashoka-fellowship","Active","checked"
"Luminate (Civic Tech & Fintech)","External program","Foundation funding civic technology, financial health, data rights, and independent media. Provides grants and impact investments to organizations advancing democratic participation.","Grant","Non-dilutive","$500K–$5M typical range","2026-11-28","rolling","Rolling; next cycle when open","annual","General access","National / U.S.","Healthcare / life sciences","Any stage","Research spinout","Moderate","Tier 3","","Civic Engagement,FinTech,Social Enterprise
Luminate is a rare funder of civic technology and media — essential for startups building democratic infrastructure or financial health tools","https://luminategroup.com/funding-process","Active",""
"Omidyar Network","External program","Impact investment and grant-making firm backing entrepreneurs and organizations focused on economic opportunity, technology and society, and property rights. Mix of equity and grants.","Investment","Dilutive / equity","$1M–$20M depending on investment type","2026-11-28","rolling","Rolling; next cycle when open","year round","General access","National / U.S.","Social impact","Any stage","Social impact","Moderate","Tier 3","","Civic Engagement,EdTech,FinTech,Social Enterprise
Omidyar bridges the grant-investment gap — provides capital to mission-driven for-profits that pure philanthropy won't fund and pure VC won't touch","https://omidyar.com/","Active",""
"Emerson Collective","External program","Philanthropic and investment organization founded by Laurene Powell Jobs supporting education, immigration reform, media, and environmental advocacy through grants and investments.","Investment","Dilutive / equity","Varies; grants $250K–$5M; investments vary","2026-11-13","rolling","Active By invitation","year round","General access","National / U.S.","Social impact","Any stage","Climate / cleantech","Moderate","Tier 3","","Emerson Collective's patient capital and mission alignment make it a transformational partner for founders working on structural social change","https://www.emersoncollective.com/","Active",""
"XPRIZE Competitions","External program","Large-scale incentive competitions awarding prizes for breakthrough solutions in health, environment, energy, education, and exploration. Multiple active prizes running simultaneously.","Competition","Non-dilutive","$1M–$100M per competition","2026-11-13","rolling","Active Multiple active competitions","year round","General access","National / U.S.","Healthcare / life sciences","Traction","Research spinout","Strong","Tier 2","","Artificial Intelligence,EdTech,GreenTech,Ocean Sciences
XPRIZE competitions provide non-dilutive capital AND massive PR/credibility — winning an XPRIZE can make a startup's fundraising trajectory overnight","https://www.xprize.org/","Active","checked"
"P&G Ventures","External program","Corporate venture and partnership arm of P&G that collaborates with startups to co-develop and launch new consumer product brands in household, personal care, and health categories.","Investment","Dilutive / equity","Investment + manufacturing and distribution access","2026-11-28","rolling","Rolling; next cycle when open","year round","Research / academic","National / U.S.","Healthcare / life sciences","Prototype","Research spinout","Moderate","Tier 3","","Artificial Intelligence,HealthTech,Sustainability
P&G Ventures provides manufacturing scale","https://us.pg.com/blogs/pg-ventures-history/","Active",""
"Unilever Foundry","External program","Open innovation platform connecting startups with Unilever's global brands for pilots, partnerships, and investment. Focus on sustainability, digital commerce, and consumer innovation.","Accelerator","Non-dilutive","Commercial pilot access to 400+ brands and 2.5B consumers","2026-11-28","rolling","Rolling; next cycle when open","year round","Open to all","International / global","Climate / energy","Prototype","Climate / cleantech","Moderate","Tier 3","","Artificial Intelligence,Sustainability
Access to Unilever's 400+ brands and 2.5 billion consumers is an unprecedented commercial distribution opportunity for B2B consumer tech startups","https://www.unilever.com/planet-and-society/unilever-foundry/","Not Active",""
"Samsung NEXT","External program","Corporate venture arm and accelerator investing in software, services, and deep tech startups that complement Samsung's ecosystem across mobile, IoT, and enterprise.","Accelerator","Non-dilutive","$500K–$10M typical range","2026-11-28","rolling","Rolling; next cycle when open","year round","General access","National / U.S.","Engineering / technology","Any stage","Software / digital","Moderate","Tier 3","","Artificial Intelligence,Software,Tech
Samsung NEXT provides both capital and direct access to Samsung's manufacturing","https://www.samsungnext.com/","Active",""
"Raytheon / RTX Ventures (iTech)","External program","Defense and aerospace corporate venture arm investing in dual-use technologies including AI, cybersecurity, advanced materials, autonomy, and space systems.","Investment","Dilutive / equity","$1M–$20M typical range","2026-11-28","rolling","Rolling; next cycle when open","year round","Research / academic","National / U.S.","Defense / dual-use","Any stage","Software / digital","Low","Tier 4","","Aerospace,Artificial Intelligence,Cybersecurity
RTX is the world's largest defense contractor — investment opens pathways to billions in government contracts and deep technical collaboration","https://www.rtx.com/what-we-do/rtx-ventures#gdpr","Active",""
"GE Vernova Innovation Programs","External program","Innovation and investment programs from GE's energy spin-out focused on grid modernization, clean energy, and industrial electrification technology partnerships and investments.","Investment","Dilutive / equity","Commercial pilot + potential equity investment","2026-11-28","rolling","Rolling; next cycle when open","year round","Open to all / Regional / local","International / global","Climate / energy","Any stage","Climate / cleantech","Moderate","Tier 3","","Energy,Green Energy,GreenTech
GE Vernova's access to the global electricity grid and $9B+ R&D budget makes it an unparalleled partner for energy transition technology startups","https://www.gevernova.com/future-leaders-of-energy","Active",""
"Ford Foundation Grants","External program","Major US philanthropy focused on reducing inequality and strengthening democratic values through grants supporting economic justice, racial equity, and civic engagement organizations.","Grant","Dilutive / equity","$500K–$10M+ typical grants","2026-11-13","expected","Active By invitation / program-specific","annual","Open to all","International / global","Social impact","Any stage","Social impact","Moderate","Tier 3","","Civic Engagement,EdTech
Ford Foundation's century of social justice funding has shaped global policy — grants provide both capital and unparalleled legitimacy for equity-focused organizations","https://www.fordfoundation.org/","Active",""
"Roddenberry Foundation Catalyst Grant","External program","Competitive grant program for bold, early-stage social change initiatives that are too risky for traditional funders but have potential for transformative impact. Small grants with big ambitions.","Competition","Non-dilutive","$15K–$25K per grant (small but unrestricted)","2027-01-31","expected","Next annual cycle (2027)","annual","General access","National / U.S.","Social impact","Idea","Social impact","Strong","Tier 2","","The Roddenberry Catalyst Grant is one of the few programs that explicitly funds high-risk early-stage social innovation — perfect for the idea stage before other funders will engage","https://apply.roddenberryfoundation.org/app/catalyst","Active","checked"
"Village Capital","External program","Peer-selected accelerator model where founders evaluate and select each other for investment. Focus on financial health, agriculture, education, and health for underserved markets.","Accelerator","Non-dilutive","$50K–$150K peer-selected investment per cohort","2026-11-13","expected","Active Cohort-based","annual","General access","National / U.S.","Healthcare / life sciences","Any stage","Research spinout","Moderate","Tier 3","","Social Enterprise
Village Capital's peer-selection model is uniquely egalitarian — removes investor bias and lets founders themselves identify the most promising companies in each cohort","https://vilcap.com/","Active",""
"Mozilla Foundation","External program","Rolling grant program supporting established open source software, hardware, firmware, design, and networking projects that strengthen the open internet and digital public goods.","Grant","Non-dilutive","$5,000-$150,000 typical awards; larger follow-on awards possible","2026-11-28","rolling","Rolling; next cycle when open","year round","General access","National / U.S.","Social impact","Any stage","Social impact","Strong","Tier 2","","Active - Rolling
Artificial Intelligence,Civic Engagement,Social Enterprise
One of the most startup-friendly national grant sources for mission-driven open source products building public-interest technology","https://www.mozillafoundation.org/en/what-we-do/grantmaking/","Active","checked"
"SBA 8(a) Business Development Program","External program","Federal certification and business development program that helps socially and economically disadvantaged small businesses compete for set-aside and sole-source government contracts and receive business training.","Grant","Dilutive / equity","Access to sole-source and set-aside federal contracts plus mentoring and education","2026-11-28","rolling","Rolling; next cycle when open","year round","General access","National / U.S.","Social impact","Any stage","Social impact","Strong","Tier 2","","Active - Rolling
Aerospace,BIPOC,GovTech
Not equity capital, but a major national pathway to revenue for underrepresented founders selling into government markets","https://www.sba.gov/certifications/","Active","checked"
"Women's Business Centers National Network","External program","National SBA-backed network providing advising, training, business planning help, lender introductions, procurement guidance, and entrepreneurship support for women founders and women-owned small businesses.","Other","Non-dilutive","Free or low-cost counseling, workshops, capital-readiness support, and local referrals","2026-11-28","rolling","Rolling; next cycle when open","year round","General access","National / U.S.","Software / AI","Any stage","Software / digital","Low","Tier 4","","Active - Rolling
A practical national on-ramp for women founders who need capital readiness, coaching, and referrals before raising or borrowing","https://www.sba.gov/counseling/local-assistance/resource-partners/","Active",""
"America Makes Project Calls and Membership Programs","State of California","National additive manufacturing institute that runs project calls, membership-based collaboration opportunities, workforce initiatives, and federal-industry partnerships for advanced manufacturing startups.","Grant","Non-dilutive","Project-call awards vary; membership unlocks collaboration, visibility, and federal manufacturing networks","2026-11-13","rolling","Next open solicitation window","year round","Research / academic","National / U.S.","All industries","Any stage","Research spinout","Strong","Tier 2","","Active - Project-call dependent
Aerospace,Tech
One of the strongest national entry points for hard-tech startups seeking manufacturing pilots and federally connected advanced manufacturing networks","https://www.americamakes.us/","Active","checked"
"EIC Accelerator","External program","Flagship EU deep-tech program offering blended finance for high-risk innovation and scale-up.","Grant","Non-dilutive","Up to EUR 2.5M grant plus equity often EUR 0.5M-EUR 10M","2026-11-13","expected","Active 2026 7 Jan, 4 Mar, 6 May, 8 Jul, 2 Sep, 4 Nov 2026 batching dates","annual","Regional / local","National / U.S.","All industries","Traction","Early-stage team","Moderate","Tier 3","","Active 2026
Artificial Intelligence,GreenTech
US companies usually need an EU vehicle or formal European structure
best if you can localize in Europe","https://eic.ec.europa.eu/eic-funding-opportunities/eic-accelerator_en","Active",""
"EIC Pathfinder Open","External program","Early-stage research funding for breakthrough deep-tech technologies with high scientific and commercial upside.","Grant","Non-dilutive","Usually up to EUR 3M+ per project","2026-11-13","expected","Active 2026 N/A","annual","Research / academic","National / U.S.","Climate / energy","Idea","Research spinout","Strong","Tier 2","","Active 2026
Energy,Robotics & Autonomous Systems
US startups can join through EU consortia, so it matters when you have strong academic or industrial European partners","https://eic.ec.europa.eu/eic-funding-opportunities/eic-pathfinder_en","Active","checked"
"EIC Transition","External program","Follow-on funding to mature research results toward market validation and commercialization.","Grant","Non-dilutive","Up to EUR 2.5M","2026-11-13","expected","Active 2025-2026 N/A","annual","Research / academic","National / U.S.","All industries","Traction","Research spinout","Strong","Tier 2","","Active 2025-2026
GreenTech
US startups generally need an EU entity, EU IP linkage, or consortium role
valuable if you are spinning out research into Europe","https://eic.ec.europa.eu/eic-funding-opportunities/eic-transition_en","Active","checked"
"MSCA Staff Exchanges","State of California","Funds international staff exchanges between research and non-academic organizations, including SMEs, to build transatlantic R&D collaborations.","Grant","Non-dilutive","Mobility and project support rather than direct startup financing","2026-11-13","expected","Active 2025-2026 N/A","annual","Research / academic","International / global","All industries","Any stage","Research spinout","Moderate","Tier 3","","Active 2025-2026
Artificial Intelligence,GreenTech
US companies can participate directly in consortium-based exchanges, making it a realistic bridge into EU research networks","https://marie-sklodowska-curie-actions.ec.europa.eu/actions/staff-exchanges","Active",""
"ESA Business Incubation Centres (ESA BIC)","External program","Regional incubators supporting space-enabled startups with cash, technical support, and ecosystem access.","Incubator","Non-cash support","Often EUR 50k-EUR 200k plus technical support, varies by BIC","2026-11-13","rolling","Next open solicitation window","year round","Regional / local","National / U.S.","Engineering / technology","Any stage","Hardware / prototype","Low","Tier 4","","Active 2025-2026
GreenTech,Robotics & Autonomous Systems
US startups usually need a local European entity or partner, but it is a strong landing pad for space and geospatial companies","https://commercialisation.esa.int/esa-business-incubation-centres/","Active",""
"CASSINI Business Accelerator","External program","EU space entrepreneurship accelerator for startups using space technologies or satellite data.","Accelerator","Non-dilutive","Mentoring, expert support, customer access, investor exposure","2026-11-13","expected","Next open solicitation window","annual","General access","National / U.S.","Software / AI","Any stage","Software / digital","Moderate","Tier 3","","Active 2025-2026
GreenTech,Logistics/Supply Chain
US teams can participate if they fit the program, but European market presence or partner traction usually helps a lot","https://www.cassini.eu/accelerator/","Active",""
"EIT Urban Mobility Open Innovation Programme","External program","Runs pilots, challenge calls, and startup support around sustainable urban transport and smart city mobility.","Grant","Non-dilutive","Cash and paid pilot support varies by call","2026-11-13","expected","Next open solicitation window","annual","Regional / local","National / U.S.","Climate / energy","Prototype","Software / digital","Strong","Tier 2","","Active 2025-2026
GreenTech,Logistics/Supply Chain
US companies usually need a local pilot partner or European operating plan, but it is useful for market entry","https://www.eiturbanmobility.eu","Active","checked"
"Innovate UK Investor Partnerships","External program","Pairs innovation grants with aligned private investors for UK-focused startup growth.","Grant","Non-dilutive","Often tens of thousands to low millions GBP depending call","2026-11-13","expected","Next open solicitation window","annual","General access","National / U.S.","Software / AI","Traction","Software / digital","Moderate","Tier 3","","Active 2025-2026
Artificial Intelligence,FinTech,GreenTech
US startups usually need a UK subsidiary or partner
strong option if you are planning a UK landing strategy","https://iuk-business-connect.org.uk/programme/investor-partnerships/","Active",""
"Contracts for Innovation (SBRI UK)","External program","Public-sector innovation procurement competitions that pay startups to solve defined challenges.","Competition","Non-dilutive","Competition-specific; often GBP 50k to GBP 2M+","2026-11-13","expected","Next open solicitation window","annual","General access","National / U.S.","All industries","Any stage","General startup support","Low","Tier 4","","Active 2025-2026
Artificial Intelligence,GovTech,GreenTech
US companies usually need a UK contracting setup or partner
worthwhile because it can fund real customer deployments","https://apply-for-innovation-funding.service.gov.uk/competition/search","Active",""
"Innovate UK Global Incubator Programme","External program","Helps innovative companies enter priority global markets through tailored soft-landing cohorts.","Grant","Non-dilutive","Soft-landing support, market introductions, mentoring, travel support may vary","2026-11-13","expected","Next open solicitation window","annual","Open to all","International / global","Software / AI","Any stage","Software / digital","Strong","Tier 2","","Active 2025-2026
Artificial Intelligence,GreenTech
US startups generally need a UK base first, but it matters if you plan to build a UK bridge before expanding abroad","https://iuk-business-connect.org.uk/business-growth/","Active","checked"
"Connected Places Catapult Open Calls","San Diego ecosystem","Runs challenge-led pilots and innovation programs in mobility, place, infrastructure, and net zero.","Grant","Non-dilutive","Cash and pilot value vary by call","2026-11-13","expected","Next open solicitation window","annual","Regional / local","National / U.S.","Software / AI","Prototype","Software / digital","Strong","Tier 2","","Active 2025-2026
GreenTech,Logistics/Supply Chain
US startups usually need a UK pilot partner or local delivery capacity
useful for first commercial references","https://cp.catapult.org.uk/","Active","checked"
"Royal Academy of Engineering Enterprise Hub","External program","Supports engineering and deep-tech founders with grants, coaching, and founder development programs.","Accelerator","Non-dilutive","Often up to about GBP 50k plus mentoring, depending on track","2026-11-13","expected","Next open solicitation window","annual","General access","National / U.S.","Engineering / technology","Any stage","Networking / support","Strong","Tier 2","","Active 2025-2026
GreenTech
US startups usually need UK operations or a relocation path, but the program is high-quality for hard-tech commercialization","https://enterprisehub.raeng.org.uk/","Active","checked"
"BIRD Foundation General Program","External program","Classic U.S.-Israel binational R&D funding program for commercial technology collaboration.","Grant","Non-dilutive","Often up to about USD 1.5M, repaid via royalties if successful","2026-11-13","expected","Next open solicitation window","annual","Research / academic","International / global","All industries","Traction","Research spinout","Strong","Tier 2","","Active 2025-2026
Agriculture,Artificial Intelligence,GreenTech
US companies are directly eligible with an Israeli partner
this is one of the clearest international grants for American startups","https://www.birdf.com/","Active","checked"
"Israel Innovation Authority Bilateral R&D with the U.S.","External program","Supports international R&D cooperation, including U.S.-Israel industrial collaboration frameworks.","Grant","Non-dilutive","Usually a percentage of approved R&D budget","2026-11-13","rolling","Next open solicitation window","year round","Research / academic","International / global","Software / AI","Any stage","Research spinout","Moderate","Tier 3","","Active 2025-2026
GreenTech,Software
US startups can access this through an Israeli partner
it is especially useful if your product roadmap needs shared development","https://innovationisrael.org.il/en/","Active",""
"NRC IRAP International Collaboration","External program","Helps innovative SMEs pursue international R&D and commercialization opportunities with Canadian partners.","Grant","Non-dilutive","Call-specific financial support plus advisory services","2026-11-13","expected","Next open solicitation window","annual","Research / academic","International / global","All industries","Traction","Research spinout","Strong","Tier 2","","Active 2025-2026
Artificial Intelligence,GreenTech,Industry Agnostic
US startups usually need a Canadian company partner or subsidiary, but it is a strong North America collaboration route","https://www.nrc.canada.ca/en/support-technology-innovation/nrc-irap-international-collaboration","Not Active",""
"NRC IRAP Support for SMEs Innovating with AI","External program","Targeted Canadian support for SMEs commercializing artificial intelligence solutions.","Grant","Non-dilutive","Call-specific funding and advisory support","2026-11-13","rolling","Active 2025-2026 N/A","year round","General access","National / U.S.","Software / AI","Traction","Software / digital","Moderate","Tier 3","","Active 2025-2026
Artificial Intelligence,Machine/Deep Learning,Software
US startups generally need a Canadian entity or partner, but this can unlock non-dilutive AI support in Canada","https://www.nrc.canada.ca/en/support-technology-innovation/nrc-irap-support-smes-innovating-artificial-intelligence","Not Active",""
"FounderFuel Accelerator","External program","Canada-based accelerator helping venture-scale founders refine execution, narrative, and fundraising readiness.","Accelerator","Non-dilutive","Mentorship, demo day, investor access; cash support varies by cohort","2026-11-13","expected","Next open solicitation window","annual","General access","National / U.S.","Software / AI","Traction","Software / digital","Low","Tier 4","","Active 2025-2026
Artificial Intelligence,FinTech,GreenTech,Industry Agnostic,Software
US founders can apply directly, though a Canada expansion angle strengthens fit and investor access","https://founderfuel.com/","Active",""
"Creative Destruction Lab Climate","External program","Objective-based mentorship program for science and technology startups tackling climate and energy challenges.","Accelerator","Non-dilutive","No guaranteed cash; elite mentorship, pilots, and investor access","2026-11-13","expected","Next open solicitation window","annual","Research / academic","National / U.S.","Climate / energy","Any stage","Research spinout","Strong","Tier 2","","Active 2025-2026
Energy,GreenTech
US companies are directly eligible, making it a strong non-dilutive path to customers and investors","https://creativedestructionlab.com/","Active","checked"
"DMZ Incubator","External program","Well-known startup platform offering founder support, market access, and soft landing into Canada.","Accelerator","Non-dilutive","Mentorship, customer introductions, workspace, ecosystem access","2026-11-13","rolling","Next open solicitation window","year round","General access","National / U.S.","Software / AI","Any stage","Software / digital","Moderate","Tier 3","","Active 2025-2026
Artificial Intelligence,FinTech,Industry Agnostic,Software
US companies can often participate directly and use DMZ to build Canadian traction without relocating immediately","https://dmz.torontomu.ca/","Active",""
"Startup SG Tech","External program","Proof-of-concept and proof-of-value grants for commercialization of novel technologies in Singapore.","Grant","Non-dilutive","Up to about SGD 250k for POC and SGD 500k for POV","2026-11-13","rolling","Active 2025-2026 N/A","year round","Regional / local","National / U.S.","Engineering / technology","Idea","Hardware / prototype","Strong","Tier 2","","Active 2025-2026
Artificial Intelligence,GreenTech,Industry Agnostic,Robotics & Autonomous Systems,Tech
US startups usually need a Singapore entity or local relocation plan, but it is one of the better non-dilutive APAC deep-tech grants","https://www.startupsg.gov.sg/programmes/4897/startup-sg-tech","Active","checked"
"Enterprise Singapore Global Innovation Alliance","External program","Soft-landing and cross-border innovation network connecting startups to partners in key global cities.","Grant","Non-dilutive","Introductions, landing support, pilot pathways; cash varies","2026-11-13","expected","Next open solicitation window","annual","Open to all / Regional / local","International / global","Software / AI","Any stage","Software / digital","Strong","Tier 2","","Active 2025-2026
US startups usually need a Singapore partner or local presence, but it is highly relevant for APAC go-to-market","https://www.enterprisesg.gov.sg/","Active","checked"
"Plug and Play APAC Open Innovation","External program","Corporate innovation and accelerator platform connecting startups with APAC corporates and investors.","Accelerator","Non-dilutive","Pilots, customer access, investor exposure; funding varies by program","2026-11-13","rolling","Next open solicitation window","year round","Regional / local","National / U.S.","All industries","Any stage","Software / digital","Strong","Tier 2","","Active 2025-2026
Artificial Intelligence,FinTech
US companies are directly eligible and can use it to win APAC pilots without building a full local team first","https://www.plugandplayapac.com/","Active","checked"
"Antler Singapore Residency","External program","Global day-zero investor program for founders building venture-backable startups from Singapore.","Grant","Non-dilutive","USD 150k for 10% plus follow-on potential","2026-11-13","expected","Next open solicitation window","annual","Open to all","International / global","All industries","Any stage","Early-stage team","Moderate","Tier 3","","Active 2025-2026
Artificial Intelligence,FinTech,GreenTech,Industry Agnostic
US founders can apply directly, but participation typically means building through the Singapore cohort and ecosystem","https://www.antler.co/location/singapore","Active",""
"Austrade Landing Pads","External program","Soft-landing program that helps startups expand into priority overseas innovation hubs including Asia-Pacific markets.","Grant","Non-dilutive","Workspace, coaching, network access, market introductions","2026-11-13","expected","Next open solicitation window","annual","General access","National / U.S.","All industries","Any stage","Early-stage team","Strong","Tier 2","","Active 2025-2026
US startups usually need an Australian partner or entity, but it can help if you want a two-market ANZ strategy","https://www.austrade.gov.au/","Active","checked"
"CSIRO Kick-Start","External program","Matched funding and R&D support for startups working with CSIRO on technical challenges.","Grant","Non-dilutive","Typically matched support up to about AUD 50k","2026-11-13","rolling","Active 2025-2026 N/A","year round","Regional / local","National / U.S.","All industries","Any stage","Networking / support","Low","Tier 4","","Active 2025-2026
Food and Beverage,GreenTech
US startups usually need an Australian entity or local partner, but it is strong if you need applied R&D help in-market","https://www.csiro.au/en/work-with-us/funding-programs/SME/CSIRO-Kick-Start","Active",""
"K-Startup Grand Challenge","External program","Flagship inbound program helping foreign startups localize in Korea with grants, office support, and market access.","Accelerator","Non-dilutive","Stipends, office space, visas, and prizes; amount varies by cohort","2027-01-31","expected","Next annual cycle (2027)","annual","Regional / local","National / U.S.","Software / AI","Any stage","Software / digital","Moderate","Tier 3","","Active 2025-2026
Artificial Intelligence,Industry Agnostic,Software
US companies are directly eligible and can use it as a structured market-entry path into Korea","https://www.k-startup.go.kr/","Not Active",""
"IDB Lab Open Calls","External program","Innovation lab of the Inter-American Development Bank running calls and pilots across Latin America and the Caribbean.","Grant","Non-dilutive","Varies widely by call","2026-11-13","expected","Next open solicitation window","annual","Research / academic / Regional / local","National / U.S.","Social impact","Prototype","Research spinout","Strong","Tier 2","","Active 2025-2026
FinTech,GovTech,GreenTech
US startups can often apply directly if they deliver impact in-region, though local implementation partners strengthen applications","https://bidlab.org/en/products/financing-products","Active","checked"
"Wayra Venture Client and Open Innovation","External program","Corporate venturing platform that invests in and pilots startups with Telefónica operating units.","Investment","Dilutive / equity","Investment and paid pilot value vary","2026-11-28","rolling","Rolling; next cycle when open","year round","General access","International / global","Software / AI","Prototype","Software / digital","Moderate","Tier 3","","Active 2025-2026
Artificial Intelligence,Cybersecurity,FinTech,Software
US companies are directly eligible and can win commercial traction through a major international customer rather than only a demo program","https://wayra.com/","Active",""
"Start-Up Chile Build","External program","Equity-free accelerator for very early startups building globally scalable businesses from Chile.","Accelerator","Non-dilutive","About CLP 15M equity-free plus program support","2026-11-13","expected","Next open solicitation window","annual","Open to all / Research / academic","International / global","Social impact","Any stage","Research spinout","Low","Tier 4","","Active 2025-2026
Artificial Intelligence,GreenTech,Industry Agnostic,Software
US companies are directly eligible, though participation requires operating through Chile during the program","https://startupchile.org/en/apply/build/","Active",""
"Start-Up Chile Ignite","External program","Post-validation program for startups with traction that want Latin American growth and investment readiness.","Accelerator","Non-dilutive","About CLP 30M equity-free plus support","2026-11-13","expected","Next open solicitation window","annual","General access","National / U.S.","Social impact","Traction","Software / digital","Moderate","Tier 3","","Active 2025-2026
Artificial Intelligence,FinTech,GreenTech,Industry Agnostic,Software
US startups are directly eligible and can use it as an equity-free base for LatAm expansion","https://startupchile.org/en/apply/ignite/","Active",""
"Start-Up Chile Growth","External program","Scale-oriented track for startups with stronger traction expanding from Chile into the region.","Accelerator","Non-dilutive","About CLP 75M equity-free plus support","2026-11-13","expected","Next open solicitation window","annual","General access","National / U.S.","All industries","Traction","Early-stage team","Moderate","Tier 3","","Active 2025-2026
Artificial Intelligence,FinTech,GreenTech,Industry Agnostic
US startups are directly eligible and can leverage it for a structured Latin America landing strategy","https://startupchile.org/en/apply/growth/","Active",""
"Google for Startups Accelerator: Latin America","External program","Equity-free accelerator for high-potential startups in Latin America with Google product and mentor support.","Accelerator","Non-dilutive","Google mentorship, credits, product support, network access","2026-11-13","expected","Next open solicitation window","annual","General access","National / U.S.","Social impact","Prototype","Social impact","Moderate","Tier 3","","Active 2025-2026
Artificial Intelligence,FinTech,Social Enterprise,Software
US startups can participate if they serve the region, but a real LatAm footprint or customer base is usually needed","https://startup.google.com/programs/accelerator/spanish-speaking-latin-america/","Active",""
"Founder Institute Core Program","External program","Global pre-seed program helping founders validate, launch, and become fundable across hundreds of city chapters.","Accelerator","Non-dilutive","Mentorship, structured curriculum, investor access; no standard cash award","2026-11-28","rolling","Rolling; next cycle when open","year round","Open to all / Regional / local","International / global","Software / AI","Idea","Software / digital","Excellent","Tier 1","","Active 2025-2026
Artificial Intelligence,FinTech,GreenTech,Industry Agnostic,Software
US founders are directly eligible and can use it to plug into international founder and mentor networks quickly","https://fi.co/program","Active","checked"
"Entrepreneur First Global Cohorts","External program","Talent investor that backs individuals before or at company formation and helps them build globally scalable startups.","Accelerator","Non-dilutive","Initial investment at formation plus intensive program support","2026-11-13","expected","Next open solicitation window","biannual, twice a year","Open to all / Research / academic","International / global","Software / AI","Any stage","Research spinout","Moderate","Tier 3","","Active 2025-2026
Artificial Intelligence,FinTech,GreenTech,Software
US founders can apply directly, though you typically join a cohort in one of EF's active hubs","https://www.joinef.com/","Active",""
"Seedstars Programs","External program","Global emerging-market accelerator and investment platform supporting startups expanding across frontier and growth markets.","Accelerator","Non-dilutive","Mentorship, investor access, market programs; investment varies","2026-11-13","expected","Next open solicitation window","annual","Open to all","International / global","All industries","Traction","Software / digital","Moderate","Tier 3","","Active 2025-2026
FinTech,GreenTech
US companies can often apply directly if they serve emerging markets, making it useful for international expansion beyond the U.S","https://seedstars.com/","Active",""
"SOSV HAX","External program","Hard-tech accelerator and investor for startups building physical technology products and industrial systems.","Accelerator","Non-dilutive","Typically around USD 250k initial investment plus hands-on build support","2026-11-28","rolling","Rolling; next cycle when open","year round","Open to all","International / global","Engineering / technology","Prototype","Hardware / prototype","Moderate","Tier 3","","Active 2025-2026
GreenTech,Robotics & Autonomous Systems,Tech
US startups are directly eligible and this is one of the best global programs for non-bio hard-tech founders","https://sosv.com/apply/hax/","Active",""
"Orbit Startups","External program","Emerging-market focused accelerator backing startups scaling across Asia, MENA, Africa, and other fast-growth regions.","Accelerator","Non-dilutive","Typically around USD 150k plus follow-on potential","2026-11-13","expected","Next open solicitation window","biannual, twice a year","General access","International / global","Software / AI","Traction","Software / digital","Low","Tier 4","","Active 2025-2026
FinTech,GreenTech,Logistics/Supply Chain,Software
US startups are directly eligible if they target international growth markets rather than only the U.S","https://orbitventures.com/","Active",""
"Startupbootcamp Accelerator Programs","External program","Global accelerator network connecting startups to corporates, mentors, and investors across multiple regions.","Accelerator","Non-dilutive","Mentorship, partner access, pilots, and investor exposure; cash varies by program","2026-11-13","expected","Next open solicitation window","annual","Open to all","International / global","All industries","Any stage","Networking / support","Strong","Tier 2","","Active 2025-2026
FinTech,Food and Beverage,GreenTech
US companies are directly eligible for many programs and can use SBC to access non-U.S
customers faster","https://startupbootcamp.org/","Active","checked"
"500 Global Accelerator Programs","External program","Global venture platform running founder programs and regional accelerators across multiple international markets.","Accelerator","Non-dilutive","Typical flagship-style investment around USD 150k, varies by program","2026-11-13","expected","Next open solicitation window","annual","Open to all / Regional / local","International / global","Software / AI","Any stage","Software / digital","Low","Tier 4","","Active 2025-2026
Artificial Intelligence,FinTech,Industry Agnostic,Software
US companies are directly eligible for many cohorts and can use 500's regional footprint for global expansion","https://500.co/founders","Active",""
"MIT Solve Global Challenges","External program","Open innovation challenge platform that awards startups solving major social and economic problems.","Competition","Non-dilutive","Funding pool varies by challenge year, plus major network support","2026-11-13","expected","Next open solicitation window","annual","Open to all","International / global","Social impact","Any stage","Social impact","Moderate","Tier 3","","Active 2025-2026
Artificial Intelligence,Civic Engagement,FinTech,GreenTech
US companies are directly eligible and can use Solve as a non-dilutive way to win credibility and partners worldwide","https://solve.mit.edu/challenges","Active",""
"D-Prize","External program","Seeds new ventures that distribute proven poverty solutions in low- and middle-income countries.","Competition","Non-dilutive","Up to about USD 20k seed grant","2027-01-31","expected","Next annual cycle (2027)","annual","General access","National / U.S.","All industries","Any stage","General startup support","Moderate","Tier 3","","Active 2025-2026
Agriculture,EdTech
US founders are directly eligible, but success usually depends on having a credible in-country deployment plan or partner","https://d-prize.org/","Active",""
"Cartier Women's Initiative","External program","Prestigious global entrepreneurship awards program for women impact founders.","Competition","Non-dilutive","Top awards often include USD 100k, with additional finalist awards and fellowship benefits","2027-01-31","expected","Next annual cycle (2027)","annual","Open to all","International / global","Social impact","Any stage","Social impact","Moderate","Tier 3","","Active 2025-2026
FinTech,GreenTech,Womxn
US companies are directly eligible, making this one of the best global award pathways for women-led startups","https://www.cartierwomensinitiative.com/","Active",""
"INDEX Award","External program","Global design and innovation award recognizing ventures improving life through scalable design solutions.","Competition","Non-dilutive","Prize and visibility benefits vary by cycle","2026-11-13","expected","Next open solicitation window","annual","Open to all / Research / academic","International / global","Software / AI","Any stage","Research spinout","Moderate","Tier 3","","Active 2025-2026
GreenTech
US companies are directly eligible and can use it to gain international credibility, especially for design-forward products","https://theindexproject.org/","Not Active",""
"Build with Gemini XPRIZE","External program","Global AI hackathon challenging founders and builders to launch revenue-generating AI businesses.","Competition","Non-dilutive","USD 2M total prize pool; grand prize USD 500k","2026-11-13","confirmed","Active 2026 17 Aug 2026","annual","Open to all / Research / academic","International / global","Software / AI","Traction","Software / digital","Strong","Tier 2","","Active 2026
Artificial Intelligence
US teams are directly eligible, and the bar is commercial execution rather than just a research demo","https://www.geminixprize.com/","Active","checked"
"UNICEF Venture Fund","External program","Equity-free fund for frontier technology startups building open-source solutions for children and underserved communities.","Grant","Non-dilutive","Up to about USD 100k equity-free","2026-11-13","expected","Next open solicitation window","annual","General access","National / U.S.","Social impact","Any stage","Social impact","Low","Tier 4","","Active 2025-2026
EdTech,GreenTech,Software
US companies are directly eligible if they can meet the open-source requirement, which is the main gating factor","https://www.unicefventurefund.org/","Active",""
"WFP Innovation Accelerator","External program","Runs equity-free innovation sprints and scaling support for startups solving food security and resilience problems.","Accelerator","Non-dilutive","Often up to about USD 100k for sprint-backed ventures, with scaling pathways later","2026-11-13","expected","Next open solicitation window","annual","General access","National / U.S.","Social impact","Any stage","Social impact","Low","Tier 4","","Active 2025-2026
Artificial Intelligence,GreenTech,Logistics/Supply Chain
US companies are directly eligible for many calls, but pilot success usually benefits from on-the-ground deployment partners","https://innovation.wfp.org/","Active",""
"Global Innovation Fund","External program","Impact-first fund using grants, debt, and equity to back innovations serving underserved communities.","Grant","Dilutive / equity","Flexible capital from early-stage grant support to larger investment rounds","2026-11-28","rolling","Rolling; next cycle when open","year round","Open to all / Regional / local","International / global","Social impact","Any stage","Social impact","Moderate","Tier 3","","Active 2025-2026
FinTech,GreenTech
US companies are directly eligible if they target underserved populations internationally, so no local entity is required up front though field partners help","https://www.globalinnovation.fund/","Active",""
"EIC STEP Scale Up","External program","Large-ticket strategic technology investment vehicle for companies scaling critical innovations, including health-related platforms.","Grant","Non-dilutive","About EUR 10M to EUR 30M","2026-11-13","rolling","Active 2025-2026 platform N/A","year round","UCSD-affiliated","UCSD only","Healthcare / life sciences","Traction","Research spinout","Moderate","Tier 3","","Active 2025-2026 platform
Industry Agnostic,LifeSci,Tech
Relevant once a UCSD company has a European arm and needs very large follow-on capital beyond venture rounds","https://eic.ec.europa.eu/eic-funding-opportunities_en","Active",""
"Horizon Europe Cluster 1 Health Calls","External program","Large collaborative health R&D calls spanning therapeutics, diagnostics, prevention, digital health and manufacturing.","Grant","Non-dilutive","Varies by topic; often multi-million euro consortia","2026-11-13","expected","Multiple 2025-2026 calls active N/A","annual","UCSD-affiliated / Research / academic","UCSD only","Healthcare / life sciences","Any stage","Research spinout","Moderate","Tier 3","","Multiple 2025-2026 calls active
EdTech,HealthTech,LifeSci,Medtech,Tech
US companies may be eligible on selected calls or as partners
strong fit for UCSD teams with hospital and faculty collaborations","https://research-and-innovation.ec.europa.eu/funding/funding-opportunities/funding-programmes-and-open-calls/horizon-europe/cluster-1-health_en","Active",""
"Eurostars","External program","International R&D funding for innovative SMEs collaborating across countries, including life science development programs.","Grant","Non-dilutive","Varies by country and partner","2026-11-13","expected","Recurring 2025-2026 calls N/A","biannual, twice a year","UCSD-affiliated / Research / academic","UCSD only","Healthcare / life sciences","Any stage","Research spinout","Moderate","Tier 3","","Recurring 2025-2026 calls
EdTech,HealthTech,LifeSci,Medtech,Tech
Best for UCSD spinouts willing to set up or partner in Europe to co-develop with funded SME collaborators","https://eurostars-eureka.eu","Active",""
"Innovative Health Initiative Calls","External program","Public-private EU health calls linking startups with pharma, medtech, payers, providers and researchers.","Grant","Non-dilutive","Varies; often large multi-partner budgets","2026-11-13","expected","Multiple active 2025-2026 calls N/A","annual","UCSD-affiliated / Research / academic","UCSD only","Healthcare / life sciences","Any stage","Research spinout","Moderate","Tier 3","","Multiple active 2025-2026 calls
EdTech,HealthTech,LifeSci,Medtech
US companies may join some consortia
especially valuable for UCSD teams needing European validation sites and industry partners","https://www.ihi.europa.eu/apply-funding","Active",""
"ERC Proof of Concept","External program","Commercialization grant for ERC-funded discoveries moving toward validation, IP, and market exploration.","Grant","Non-dilutive","EUR 150000","2026-11-13","expected","Active 2025-2026 program N/A","annual","UCSD-affiliated / Research / academic","UCSD only","All industries","Idea","General startup support","Strong","Tier 2","","Active 2025-2026 program
LifeSci,Tech
Useful for UCSD-connected founders collaborating with ERC investigators or evaluating EU-origin IP for spinout formation","https://erc.europa.eu/apply-grant/proof-concept","Active","checked"
"Innovate UK Smart Grants","External program","Broad innovation grants that can support high-potential life science R&D with strong commercial impact.","Grant","Non-dilutive","Often GBP 100000 to multi-million depending on scope","2026-11-13","expected","Recurring active program in 2025-2026 N/A","annual","UCSD-affiliated","UCSD only","Healthcare / life sciences","Traction","Research spinout","Excellent","Tier 1","","Recurring active program in 2025-2026
EdTech,HealthTech,LifeSci,Medtech,Tech
Relevant if a UCSD startup establishes a UK entity
can subsidize UK clinical, regulatory or product-development work","https://www.ukri.org/councils/innovate-uk/","Not Active",""
"Health~Holland Calls","External program","Dutch top-sector support for public-private life science and health collaborations involving companies and knowledge institutes.","Grant","Non-dilutive","Varies by project and consortium","2027-01-31","expected","Next annual cycle (2027)","annual","UCSD-affiliated / Research / academic","UCSD only","Healthcare / life sciences","Any stage","Research spinout","Strong","Tier 2","","Active annual program
EdTech,HealthTech,LifeSci,Medtech,Tech
Relevant for UCSD startups seeking Dutch hospital, university or incubator partners for EU pilots and co-funding","https://www.health-holland.com/calls","Active","checked"
"Health~Holland Venture Challenge","External program","Intensive venture-development program for life science teams preparing investor-ready commercialization plans.","Accelerator","Non-dilutive","Coaching, mentoring and investor readiness benefits","2026-11-13","expected","Recurring active cohorts N/A","annual","UCSD-affiliated / Research / academic","UCSD only","Healthcare / life sciences","Traction","Research spinout","Strong","Tier 2","","Recurring active cohorts
EdTech,LifeSci,Medtech,Tech
US companies may be eligible in some cohorts or via Dutch collaboration
good soft-landing route for UCSD founders entering Europe","https://www.health-holland.com/en/nieuws/you-can-now-register-venture-challenge","Active","checked"
"Innosuisse Innovation Projects","External program","Swiss innovation funding that supports company-research collaborations, including health and life science projects.","Grant","Non-dilutive","Varies by project","2026-11-13","rolling","Active 2025-2026 program N/A","year round","UCSD-affiliated / Research / academic","UCSD only","Healthcare / life sciences","Any stage","Research spinout","Moderate","Tier 3","","Active 2025-2026 program
EdTech,HealthTech,LifeSci,Medtech,Tech
Useful for UCSD startups teaming with ETH, EPFL or Swiss clinical partners on co-development","https://www.innosuisse.admin.ch/en","Active",""
"BioInnovation Institute Venture Lab","External program","Foundation-backed venture-building program for early bioscience startups needing validation, mentoring and initial support.","Accelerator","Non-dilutive","Venture building, mentoring, labs and possible early financial support","2026-11-28","rolling","Rolling; next cycle when open","year round","UCSD-affiliated / Research / academic","UCSD only","All industries","Any stage","Research spinout","Moderate","Tier 3","","Active intake
Food and Beverage,LifeSci,Tech
US companies may be eligible or can relocate part of the team
attractive for UCSD bioscience founders exploring Europe","https://bii.dk/programs/venture-lab/","Active",""
"BioInnovation Institute Bio Studio","External program","Company-creation platform for ambitious bioscience projects building venture formation plans around differentiated science.","Grant","Non-dilutive","Labs, coaching, company-building support and investor access","2026-11-28","rolling","Rolling; next cycle when open","year round","UCSD-affiliated","UCSD only","All industries","Any stage","Software / digital","Moderate","Tier 3","","Active intake
LifeSci,Tech
Relevant for UCSD-affiliated inventors who want an EU launchpad around defensible biology or diagnostics IP","https://bii.dk/programs/bio-studio/","Active",""
"EIT Health Catapult","External program","European showcase and investor-access program for top life science and health startups scaling across Europe.","Accelerator","Non-dilutive","Cash awards and major visibility to investors and corporates","2026-11-13","expected","2026 cycle expected N/A","annual","UCSD-affiliated","UCSD only","Healthcare / life sciences","Any stage","Research spinout","Strong","Tier 2","","2026 cycle expected
EdTech,HealthTech,LifeSci,Medtech,Tech
Helpful once a UCSD startup has a European affiliate and wants investor visibility across the EU","https://eithealth.eu/programmes/catapult/","Active","checked"
"EIT Health InnoStars Awards","External program","Acceleration and cash-prize program for early health startups from emerging European markets.","Accelerator","Non-dilutive","Up to about EUR 25000 plus mentoring","2026-11-13","expected","2026 cycle expected N/A","annual","UCSD-affiliated","UCSD only","Healthcare / life sciences","Any stage","Research spinout","Strong","Tier 2","","2026 cycle expected
Artificial Intelligence,EdTech,HealthTech,LifeSci,Medtech,Tech
Relevant mainly if a UCSD team builds an eligible European base or pilots in InnoStars markets","https://eithealth.eu/programmes/innostars-awards/","Active","checked"
"BioMed X Boot Camp","External program","Industry-sponsored innovation calls that fund scientists and venture-style project teams to work on unmet biomedical problems.","Competition","Non-dilutive","Salary support, lab access, industry sponsorship and team formation","2026-11-13","expected","Active call-based model in 2025-2026 N/A","annual","UCSD-affiliated / Research / academic","UCSD only","Healthcare / life sciences","Any stage","Research spinout","Low","Tier 4","","Active call-based model in 2025-2026
Artificial Intelligence,LifeSci,Tech
US companies and founders can be eligible through open calls
good for UCSD scientists exploring Europe-based venture formation","https://bmedx.com/career/boot-camp/","Active",""
"Leducq Transatlantic Networks of Excellence","External program","Major cross-border cardiovascular and neurovascular funding program linking North American and European investigators.","Grant","Non-dilutive","About USD 8.5M over 5 years for selected networks","2027-01-31","expected","Next annual cycle (2027)","annual","UCSD-affiliated / Research / academic","UCSD only","All industries","Any stage","Networking / support","Moderate","Tier 3","","Active annual-style program
US teams are eligible through network participation
highly relevant for UCSD ventures built around faculty cardiovascular science","https://www.fondationleducq.org","Active",""
"Wellcome Discovery Awards","External program","Flexible research funding for bold discovery science that can later underpin venture creation or platform licensing.","Grant","Non-dilutive","Varies widely; often large multi-year awards","2026-11-13","expected","Active 2025-2026 scheme N/A","annual","UCSD-affiliated / Research / academic","UCSD only","Software / AI","Any stage","Research spinout","Moderate","Tier 3","","Active 2025-2026 scheme
US companies can benefit indirectly through UCSD faculty-led collaborations that generate venture-grade IP and validation data","https://wellcome.org/research-funding/schemes/wellcome-discovery-awards","Active",""
"Wellcome Leap Program RFPs","External program","Program-based funding for ambitious, high-risk health moonshots through tightly scoped RFPs and milestones.","Grant","Non-dilutive","Varies by program and work package","2026-11-13","expected","Active RFP-driven programs in 2025-2026 N/A","annual","UCSD-affiliated","UCSD only","Healthcare / life sciences","Any stage","Research spinout","Moderate","Tier 3","","Active RFP-driven programs in 2025-2026
Artificial Intelligence
US companies eligible directly
strong option for UCSD startups aligned to ambitious health or biosecurity themes","https://wellcomeleap.org","Active",""
"NRC IRAP","External program","Canada's flagship innovation-assistance program providing advisory services and non-dilutive support to SMEs.","Grant","Non-dilutive","Varies by company and project","2026-11-28","rolling","Rolling; next cycle when open","year round","UCSD-affiliated","UCSD only","Healthcare / life sciences","Any stage","Research spinout","Moderate","Tier 3","","Active 2025-2026 program
EdTech,HealthTech,LifeSci,Medtech,Tech
Relevant if a UCSD startup opens a Canadian subsidiary or partners with a Canadian venture for R&D execution","https://nrc.canada.ca/en/support-technology-innovation/nrc-irap","Not Active",""
"Grand Challenges Canada Transition to Scale","External program","Later-stage social and global health funding to expand proven innovations toward sustainable impact.","Grant","Non-dilutive","Often up to CAD 1.5M or more depending on call","2026-11-13","expected","Next open solicitation window","annual","UCSD-affiliated / Open to all","UCSD only","Healthcare / life sciences","Traction","Research spinout","Moderate","Tier 3","","Active periodic program in 2025-2026
EdTech,Medtech
US companies eligible on many GCC calls
attractive for UCSD ventures addressing LMIC or public-health use cases","https://www.grandchallenges.ca/programs/transition-to-scale/","Not Active",""
"Grand Challenges Canada Global Calls","External program","Open and themed calls supporting bold global health and humanitarian innovations from around the world.","Grant","Non-dilutive","Varies by call","2026-11-13","expected","Multiple active 2025-2026 calls N/A","annual","UCSD-affiliated / Open to all","UCSD only","Healthcare / life sciences","Any stage","Research spinout","Moderate","Tier 3","","Multiple active 2025-2026 calls
US companies eligible on many calls
good source of non-dilutive capital for mission-driven UCSD health startups","https://www.grandchallenges.ca/apply-for-funding/","Active",""
"adMare BioInnovations Company Creation","External program","Canadian venture-creation platform helping scientists and founders build globally competitive life science companies.","Grant","Non-dilutive","Venture building, labs, expert operators and capital access","2026-11-28","rolling","Rolling; next cycle when open","year round","UCSD-affiliated / Open to all / Research / academic","UCSD only","Healthcare / life sciences","Any stage","Research spinout","Moderate","Tier 3","","Active 2025-2026 intake
LifeSci,Tech
US companies may be eligible through cross-border venture creation
useful for UCSD teams that want seasoned operators and Canadian financing links","https://www.admarebio.com","Active",""
"CDRD Translational Partnerships","External program","Drug-development de-risking support combining translational expertise, project design and partner networks.","Grant","Non-dilutive","Varies by partnership and project","2026-11-28","rolling","Rolling; next cycle when open","year round","UCSD-affiliated","UCSD only","All industries","Any stage","Networking / support","Moderate","Tier 3","","Active 2025-2026 partnership model
US companies may be eligible through partnership structures
good for UCSD therapeutics teams needing external de-risking expertise","https://www.cdrd.ca","Not Active",""
"CIHR Project Grant","External program","Core Canadian health research grants that can support startup-linked clinical or translational collaborations.","Grant","Non-dilutive","Varies by project","2027-05-15","expected","Next seasonal cycle is the next open window","biannual, twice a year","UCSD-affiliated / Research / academic","UCSD only","Healthcare / life sciences","Any stage","Research spinout","Moderate","Tier 3","","Active Spring and Fall competitions
US companies can benefit via Canadian academic partnerships
useful for UCSD founders co-developing with Canadian investigators","https://cihr-irsc.gc.ca/e/49051.html","Active",""
"A*STAR MedTech Catapult","External program","Singapore translational support platform helping medtech ventures validate products, quality systems and market readiness.","Accelerator","Non-dilutive","Product development support, facilities and expert guidance","2026-11-28","rolling","Rolling; next cycle when open","year round","UCSD-affiliated","UCSD only","Healthcare / life sciences","Prototype","Research spinout","Strong","Tier 2","","Active 2025-2026 program
EdTech,Medtech
US companies may be eligible through partnership or Singapore expansion
valuable for UCSD medtech teams entering Asia","https://medtechcatapult.sg/","Active","checked"
"A*STAR Diagnostics Development Hub","External program","Diagnostic translation platform offering assay development, validation and commercialization support.","Grant","Non-dilutive","Assay development, validation and market translation support","2026-11-28","rolling","Rolling; next cycle when open","year round","UCSD-affiliated","UCSD only","All industries","Traction","Software / digital","Strong","Tier 2","","Active 2025-2026 partnership model
US companies may be eligible through partnership structures
attractive for UCSD genomics or diagnostic startups seeking Asia validation","https://www.a-star.edu.sg/dxdhub","Active","checked"
"NHMRC Development Grants","External program","Supports commercialization of health and medical research outcomes with practical and economic benefit.","Grant","Non-dilutive","Varies by award","2027-01-31","expected","Next annual cycle (2027)","annual","UCSD-affiliated / Research / academic / Regional / local","UCSD only","Healthcare / life sciences","Traction","Research spinout","Excellent","Tier 1","","Active annual program
Relevant to UCSD startups collaborating with Australian universities, hospitals or locally incorporated affiliates","https://www.nhmrc.gov.au/funding/find-funding/development-grants","Active","checked"
"AMED International Collaborative Research","External program","Japanese biomedical funding with periodic international collaboration calls across drug discovery, regenerative medicine and diagnostics.","Grant","Non-dilutive","Varies by call","2026-11-13","expected","Active call families in 2025-2026 N/A","annual","UCSD-affiliated / Research / academic","UCSD only","Healthcare / life sciences","Any stage","Research spinout","Moderate","Tier 3","","Active call families in 2025-2026
US companies may be eligible as collaborators on some calls
important for UCSD teams seeking Japan clinical or pharma partnerships","https://www.amed.go.jp/en/program/list/20/01/009.html","Active",""
"KHIDI Global Open Innovation Program","External program","Korean health-industry collaboration and acceleration opportunities linking foreign startups with Korean corporates and hospitals.","Accelerator","Non-dilutive","Varies by cohort or program","2027-01-31","expected","Next annual cycle (2027)","annual","UCSD-affiliated / Open to all / Research / academic","UCSD only","Healthcare / life sciences","Any stage","Research spinout","Moderate","Tier 3","","Active annual-style programs in 2025-2026
EdTech,HealthTech,LifeSci,Medtech,Tech
US companies may be eligible on selected programs
useful for UCSD startups targeting Korean clinical pilots or distribution","https://www.khidi.or.kr","Active",""
"Johnson & Johnson QuickFire Challenge","External program","Themed challenge series offering cash awards, mentorship and JLABS ecosystem access to promising health startups.","Accelerator","Non-dilutive","Often includes about USD 100000 plus JLABS benefits","2026-11-13","expected","Recurring themed challenges in 2025-2026 N/A","annual","UCSD-affiliated / Research / academic","UCSD only","Healthcare / life sciences","Traction","Research spinout","Strong","Tier 2","","Recurring themed challenges in 2025-2026
EdTech,HealthTech,LifeSci,Medtech
US companies eligible directly on many QuickFire challenges
very relevant for UCSD founders seeking corporate validation and lab ecosystem access","https://jnjinnovation.com/jlabs/quickfire-challenges","Active","checked"
"Merck Innovation Cup","External program","Global innovation competition and training program connecting top talent and startups to Merck's life science and healthcare priorities.","Competition","Non-dilutive","Training, prizes and access to Merck networks","2026-11-13","expected","2026 cycle expected N/A","annual","UCSD-affiliated / Open to all","UCSD only","Healthcare / life sciences","Any stage","Research spinout","Strong","Tier 2","","2026 cycle expected
HealthTech,LifeSci
US companies and founders are typically eligible
useful for UCSD-affiliated talent scouting and corporate relationship building","https://www.merckgroup.com/en/research/open-innovation/innovation-cup.html","Active","checked"
"XPRIZE Healthspan","External program","Large global competition for therapeutics and interventions that measurably restore function and extend healthy aging.","Competition","Non-dilutive","USD 101M total competition purse","2026-11-13","expected","Active global competition in 2025-2026 N/A","annual","UCSD-affiliated / Open to all","UCSD only","Healthcare / life sciences","Any stage","Research spinout","Moderate","Tier 3","","Active global competition in 2025-2026
US companies eligible directly
standout opportunity for UCSD startups working on aging, muscle, cognition or immune restoration","https://www.xprize.org/competitions/healthspan","Active",""
"Longitude Prize on Dementia","External program","Global challenge prize focused on AI and data-driven tools to transform dementia diagnosis and care.","Competition","Non-dilutive","GBP 1M prize plus visibility","2026-11-13","expected","Active 2025-2026 prize N/A","annual","UCSD-affiliated / Open to all","UCSD only","Healthcare / life sciences","Any stage","Research spinout","Moderate","Tier 3","","Active 2025-2026 prize
Artificial Intelligence,HealthTech
US companies eligible directly
compelling for UCSD teams in neurotech, AI diagnostics or caregiver support","https://longitudeprize.org/prize-on-dementia","Active",""
"Illumina for Startups Accelerator","External program","Startup support platform for genomics companies offering ecosystem access, mentorship and strategic connections.","Accelerator","Non-dilutive","Mentorship, sequencing ecosystem access and investor connections","2026-11-28","rolling","Rolling; next cycle when open","year round","UCSD-affiliated","UCSD only","Software / AI","Any stage","Software / digital","Moderate","Tier 3","","Active 2025-2026 program
LifeSci,Software
US companies eligible directly
especially important for UCSD genomics and diagnostics spinouts that benefit from platform and market access","https://www.illumina.com/company/illumina-for-startups.html","Active",""
"Creative Destruction Lab Health & Wellness","External program","Highly selective objective-based mentorship program for early health, wellness and medical technology ventures.","Accelerator","Non-dilutive","No fees and no equity; intensive mentor network and fundraising support","2027-01-31","expected","Next annual cycle (2027)","annual","UCSD-affiliated / Research / academic","UCSD only","Healthcare / life sciences","Any stage","Research spinout","Moderate","Tier 3","","Active annual cohort
EdTech,HealthTech,Medtech
US companies eligible directly
a strong fit for UCSD startups that want disciplined milestones, investor intros and domain mentors without dilution","https://creativedestructionlab.com/streams/health/health-wellness/","Active",""
"SOSV NY","External program","New York-based SOSV deep tech and biotech accelerator platform for founders building in health, life science, chemistry, AI, and regulated categories.","Accelerator","Non-dilutive","Pre-seed investment; amount varies by deal","2026-11-28","rolling","Rolling; next cycle when open","year round","General access","National / U.S.","Healthcare / life sciences","Any stage","Research spinout","Moderate","Tier 3","","HealthTech,LifeSci,Tech
Useful for technical founders who want an early institutional investor with operator experience","https://sosv.com/locations/sosv-ny/","Active",""
"MedTech Innovator 2026 Accelerator","External program","National accelerator and competition for medical device, diagnostics, and digital health companies. 2026 applications are open.","Accelerator","Non-dilutive","Mentorship, validation, investor exposure, and cash award opportunities","2025-12-01","confirmed","Active December 1, 2025","annual","General access","National / U.S.","Healthcare / life sciences","Any stage","Research spinout","Strong","Tier 2","","EdTech,HealthTech,LifeSci,Medtech
One of the strongest national medtech programs for visibility, pilots, and strategic partners","https://medtechinnovator.org/apply/","Active","checked"
"BioTools Innovator","External program","Specialized MedTech Innovator track for life science tools and platform companies serving research, diagnostics, and bioprocessing markets.","Accelerator","Non-dilutive","Mentorship, partner introductions, and award exposure","2026-11-13","expected","Active N/A","annual","Research / academic","National / U.S.","Healthcare / life sciences","Any stage","Research spinout","Strong","Tier 2","","LifeSci,Tech
Good fit for founders commercializing tools rather than therapeutics or care delivery alone","https://medtechinnovator.org/","Active","checked"
"MassChallenge Healthcare & Life Sciences","External program","No-equity accelerator support for health and life science founders with partner access for validation, pilots, and commercialization.","Accelerator","Dilutive / equity","Mentors, pilots, ecosystem access, and possible partner awards","2026-11-13","expected","Active N/A","annual","Research / academic","National / U.S.","Healthcare / life sciences","Prototype","Research spinout","Excellent","Tier 1","","HealthTech,LifeSci,Tech
Valuable for de-risking adoption with health systems, payers, and research partners","https://masschallenge.org/healthcare-and-life-sciences/","Active","checked"
"StartUp Health Membership","External program","Founder community and platform for health innovation companies across multiple health moonshots and care domains.","Grant","Non-dilutive","Community, investor visibility, partnerships, and brand platform","2026-11-28","rolling","Rolling; next cycle when open","year round","Regional / local","National / U.S.","Healthcare / life sciences","Any stage","Research spinout","Moderate","Tier 3","","HealthTech,LifeSci,Tech
Useful for founders seeking long-horizon health-sector connections and storytelling support","http://www.startuphealth.com/","Active",""
"MATTER Membership","External program","Healthcare incubator and innovation hub offering startup workspace, programming, and partner connectivity with national reach.","Incubator","Dilutive / equity","Workspace, events, corporate connections, and mentoring","2026-11-28","rolling","Rolling; next cycle when open","year round","General access","National / U.S.","Healthcare / life sciences","Any stage","Research spinout","Moderate","Tier 3","","EdTech,HealthTech,Medtech
Good for founders who want a broad healthcare network without giving up equity","https://matter.health/","Active",""
"Paratus Digital Health Accelerator","External program","Digital health accelerator advancing preparedness solutions through acceleration services and product validation opportunities.","Accelerator","Non-dilutive","Acceleration services and product validation opportunities","2026-11-13","expected","Active N/A","annual","General access","National / U.S.","Healthcare / life sciences","Prototype","Research spinout","Moderate","Tier 3","","HealthTech
Relevant for digital health startups addressing resilience, response, and public health readiness","https://matter.health/paratus","Active",""
"JLABS @ TMC","External program","No-equity life science incubator site in Houston serving biotech, medtech, and healthtech startups.","Incubator","Dilutive / equity","Lab/office space, equipment access, and J&J ecosystem connectivity","2026-11-28","rolling","Rolling; next cycle when open","year round","Research / academic","National / U.S.","Healthcare / life sciences","Any stage","Research spinout","Low","Tier 4","","EdTech,HealthTech,LifeSci,Medtech,Tech
JLABS provides credibility, infrastructure, and strategic proximity without taking equity","https://jnjinnovation.com/jlabs/","Active",""
"LabCentral Residency","External program","Shared biotech lab platform for startups with facilities, programming, and dense founder community in Cambridge.","Incubator","Non-cash support","Shared labs, equipment, programming, and community","2026-11-28","rolling","Rolling; next cycle when open","year round","Research / academic / Regional / local","National / U.S.","Healthcare / life sciences","Any stage","Research spinout","Moderate","Tier 3","","LifeSci,Tech
Premier wet-lab access can shorten time to generate data for financing and partnering","https://www.labcentral.org/","Active",""
"QB3 Bakar Bio Labs","External program","UC Berkeley wet-lab incubator for biotech companies with shared and private space plus commercialization support.","Incubator","Non-cash support","Lab and office space, core facilities, and commercialization network","2026-11-28","rolling","Rolling; next cycle when open","year round","Research / academic","National / U.S.","Healthcare / life sciences","Traction","Research spinout","Strong","Tier 2","","LifeSci,Tech
Strong choice for founders who want UC-linked talent, instrumentation, and biotech programming","https://qb3.org/incubators/","Active","checked"
"BioLabs Boston","External program","Shared no-equity biotech incubator environment in Boston with benches, equipment, and founder programming.","Incubator","Dilutive / equity","Bench space, equipment access, and community programming","2026-11-28","rolling","Rolling; next cycle when open","year round","Research / academic","National / U.S.","Healthcare / life sciences","Any stage","Research spinout","Moderate","Tier 3","","LifeSci,Tech
Lets founders enter Boston biotech with lower capital burn than building an independent lab","https://www.biolabs.io/","Active",""
"MBC BioLabs San Francisco","External program","Shared lab incubator for biotech startups in San Francisco offering flexible space and program access.","Incubator","Non-cash support","Lab space, equipment, programming, and investor exposure","2026-11-28","rolling","Rolling; next cycle when open","year round","Research / academic","National / U.S.","Healthcare / life sciences","Any stage","Research spinout","Moderate","Tier 3","","LifeSci,Tech
A proven launchpad for data generation and fundraising in the Bay Area biotech market","https://mbcbiolabs.com/","Active",""
"Stanford Biodesign Innovation Fellowship","External program","Prestige fellowship training future health technology innovators from engineering, life sciences, business, law, and clinical backgrounds.","Grant","Non-dilutive","Stipend, training, project work, and elite network benefits","2027-01-31","expected","Next annual cycle (2027)","annual","General access","National / U.S.","Healthcare / life sciences","Any stage","Research spinout","Strong","Tier 2","","Artificial Intelligence,EdTech,HealthTech,Medtech
Excellent path for future founder-operators who want structured clinical need-finding and commercialization training","https://biodesign.stanford.edu/programs/fellowships/innovation-fellowships.html","Active","checked"
"America’s Seed Fund Project Pitch","External program","Required screening submission used to determine fit for NSF SBIR/STTR before a full proposal.","Grant","Non-dilutive","No direct funding; gateway to Phase I funding consideration","2026-11-13","expected","Active Multiple submission windows; see NSF schedule","annual","General access","National / U.S.","Healthcare / life sciences","Any stage","Research spinout","Low","Tier 4","","HealthTech,LifeSci,Tech
A high-leverage first step for startups seeking major federal non-dilutive capital","https://seedfund.nsf.gov/apply/project-pitch/","Active",""
"America’s Seed Fund NSF Phase I","Federal program","NSF SBIR/STTR Phase I funds high-risk R&D by science and engineering startups, including health and life science companies.","Grant","Non-dilutive","Typically up to about 300K USD plus commercialization support","2026-11-13","expected","Active Multiple windows; see NSF solicitation schedule","annual","General access","National / U.S.","Healthcare / life sciences","Any stage","Research spinout","Strong","Tier 2","","HealthTech,LifeSci,Tech
Among the best early non-dilutive options for proving technical feasibility before institutional fundraising","https://seedfund.nsf.gov/","Active","checked"
"NIH SBIR Phase I Omnibus","Federal program","Omnibus SBIR Phase I opportunity for U.S. small businesses developing biomedical and behavioral innovations.","Grant","Non-dilutive","Budget varies by institute and topic","2026-11-13","expected","Active Standard due dates generally Jan 5, Apr 5, Sep 5 through 2028","annual","General access","National / U.S.","Healthcare / life sciences","Any stage","Research spinout","Moderate","Tier 3","","EdTech,HealthTech,LifeSci,Medtech,Tech
Foundational source of national non-dilutive capital for therapeutic, diagnostic, and digital health R&D","https://grants.nih.gov/grants/guide/pa-files/PA-25-251.html","Active",""
"NIH SBIR Phase II Omnibus","Federal program","Follow-on NIH SBIR Phase II funding for companies advancing validated biomedical technologies toward commercialization.","Grant","Non-dilutive","Budget varies by institute and topic","2026-11-13","expected","Active Standard due dates generally Jan 5, Apr 5, Sep 5 through 2028","annual","General access","National / U.S.","Healthcare / life sciences","Traction","Research spinout","Strong","Tier 2","","EdTech,HealthTech,LifeSci,Medtech,Tech
Lets founders finance expensive validation work without dilution at a sensitive stage","https://grants.nih.gov/grants/guide/pa-files/PA-25-253.html","Active","checked"
"NIH SBIR Direct-to-Phase II","Federal program","NIH pathway for companies ready to skip Phase I and move straight into Phase II based on strong existing feasibility evidence.","Grant","Non-dilutive","Phase II-scale non-dilutive funding; amount varies by institute","2026-11-13","expected","Active Standard due dates generally Jan 5, Apr 5, Sep 5 through 2028","annual","General access","National / U.S.","Healthcare / life sciences","Any stage","Research spinout","Moderate","Tier 3","","EdTech,HealthTech,LifeSci,Medtech,Tech
Highly attractive for experienced teams that already de-risked the science before applying","https://grants.nih.gov/grants/guide/pa-files/PA-25-252.html","Active",""
"NIH STTR Phase I Omnibus","Federal program","STTR Phase I biomedical funding that requires formal collaboration between a small business and research institution.","Grant","Non-dilutive","Budget varies by institute and topic","2026-11-13","expected","Active Standard due dates generally Jan 5, Apr 5, Sep 5 through 2028","annual","Research / academic","National / U.S.","Healthcare / life sciences","Any stage","Research spinout","Moderate","Tier 3","","EdTech,HealthTech,LifeSci,Medtech,Tech
Ideal for spun-out science that still depends on academic collaborators and IP translation","https://grants.nih.gov/grants/guide/pa-files/PA-25-254.html","Active",""
"NIH STTR Phase II Omnibus","Federal program","STTR Phase II support for maturing biomedical technologies advanced through company-research institution collaboration.","Grant","Non-dilutive","Budget varies by institute and topic","2026-11-13","expected","Active Standard due dates generally Jan 5, Apr 5, Sep 5 through 2028","annual","Research / academic","National / U.S.","Healthcare / life sciences","Any stage","Research spinout","Moderate","Tier 3","","EdTech,HealthTech,LifeSci,Medtech,Tech
Useful when a startup still needs academic infrastructure while moving toward market readiness","https://grants.nih.gov/grants/guide/pa-files/PA-25-256.html","Active",""
"NIH Commercialization Readiness Pilot","Federal program","Supplemental NIH SBIR/STTR support to close commercialization gaps such as manufacturing, regulatory, and market preparation.","Grant","Non-dilutive","Commercialization support funding and services; amount varies by institute","2026-11-13","expected","Active Institute-specific deadlines / N/A","annual","General access","National / U.S.","Healthcare / life sciences","Prototype","Research spinout","Strong","Tier 2","","EdTech,HealthTech,LifeSci,Medtech,Tech
CRP helps founders bridge the painful gap between R&D success and real market readiness","https://seed.nih.gov/funding/nih-commercialization-readiness-pilot-crp-program","Active","checked"
"NIH Applicant Assistance Program","Federal program","Coaching and application support program for first-time or underrepresented NIH SBIR/STTR applicants.","Grant","Non-dilutive","Coaching, office hours, and proposal development support","2027-01-31","expected","Next annual cycle (2027)","annual","General access","National / U.S.","Healthcare / life sciences","Any stage","Research spinout","Strong","Tier 2","","EdTech,HealthTech,LifeSci,Medtech,Tech
Improves odds for founders new to NIH who would otherwise struggle with federal grant process complexity","https://seed.nih.gov/funding/nih-applicant-assistance-program-aap","Active","checked"
"NCI SBIR Development Center Grants","Federal program","Cancer-focused SBIR/STTR funding and commercialization support for small businesses working on oncology products and platforms.","Grant","Non-dilutive","Grant funding, investor resources, and commercialization support","2026-11-13","expected","Active Institute cycles / N/A","annual","General access","National / U.S.","Healthcare / life sciences","Prototype","Research spinout","Strong","Tier 2","","HealthTech,LifeSci,Tech
One of the most founder-friendly federal paths for oncology-focused startups needing non-dilutive capital","https://sbir.cancer.gov/","Active","checked"
"NHLBI Catalyze Product Definition","External program","Commercialization support track helping innovators define product strategy, market path, and development planning for heart, lung, blood, and sleep technologies.","Grant","Non-dilutive","Expert product definition support and roadmap development","2026-11-13","rolling","Active N/A","year round","General access","National / U.S.","Healthcare / life sciences","Prototype","Research spinout","Strong","Tier 2","","EdTech,Medtech
Great for founders who need market and product clarity before expensive development decisions","https://nhlbicatalyze.org/","Active","checked"
"Blueprint MedTech Innovation & Translation Center","External program","NIH Blueprint MedTech support for therapeutic and diagnostic device innovators advancing neuroscience-related products.","Accelerator","Non-dilutive","Translational funding, coaching, and development support","2026-11-13","expected","Active N/A","annual","General access","National / U.S.","Healthcare / life sciences","Prototype","Research spinout","Strong","Tier 2","","EdTech,Medtech
One of the few national programs purpose-built for neurotechnology commercialization","https://www.ninds.nih.gov/current-research/focus-disorders/trans-agency-activities/blueprint-medtech","Active","checked"
"BARDA DRIVe EZ-BAA","External program","Open broad agency announcement process supporting health security technologies, including diagnostics, digital tools, and medical countermeasure-enabling platforms.","Grant","Non-dilutive","Prototype and development funding; amount varies by topic and stage","2026-11-13","rolling","Active Open / topic-dependent","year round","General access","National / U.S.","Healthcare / life sciences","Any stage","Research spinout","Strong","Tier 2","","EdTech,HealthTech,Medtech
A major national source of non-dilutive capital for startups aligned with preparedness and response needs","https://drive.hhs.gov/","Active","checked"
"BIO International Convention Start-Up Stadium","External program","Startup showcase and partnering opportunity connected to the BIO International Convention.","Competition","Non-dilutive","Pitch visibility, investor meetings, and strategic partnering access","2027-01-31","expected","Next annual cycle (2027)","annual","General access","International / global","Healthcare / life sciences","Any stage","General startup support","Low","Tier 4","","LifeSci,Tech
High-value exposure opportunity for biotech founders seeking BD, investors, and ecosystem visibility in one place","https://convention.bio.org/","Active",""
"Moores Cancer Center Funding Opportunities","External program","Moores Cancer Center curates federal, non-federal, limited-submission, and internal funding opportunities that support oncology translation. Its grants-and-funding infrastructure helps cancer innovators find pilot support, collaborators, and translational pathways inside UC San Diego.","Grant","Non-dilutive","Varies by internal and external opportunity","2026-11-13","rolling","Active Varies / N/A","year round","UCSD-affiliated / Research / academic / Regional / local","UCSD only","All industries","Prototype","Research spinout","Strong","Tier 2","","UCSD founders in oncology can use Moores as a practical bridge from academic cancer research to company-ready development funding","https://moorescancercenter.ucsd.edu/grants-and-funding/funding-opportunities.html","Active","checked"
"ACTRI Translational Research Services & Pilot Support","External program","ACTRI is UC San Diego's clinical and translational science hub supporting movement from discovery into human studies and health impact. It provides research navigation, biostatistics, regulatory help, community engagement, informatics, and pilot-oriented infrastructure that de-risks clinical validation.","Grant","Non-dilutive","N/A","2026-11-28","rolling","Rolling; next cycle when open","year round","UCSD-affiliated / Research / academic / Regional / local","UCSD only","Healthcare / life sciences","Prototype","Research spinout","Excellent","Tier 1","","HealthTech
For UCSD health startups, ACTRI can shorten the path from lab insight to study design, patient access, and translational credibility","https://actri.ucsd.edu/","Active","checked"
"UCSD Institute for Genomic Medicine Translational Genomics Support","UC San Diego","The Institute for Genomic Medicine is UC San Diego's genomics engine for rare disease, precision medicine, and data-intensive translational biology. It helps founders connect with domain experts, research collaborators, and clinically relevant genomic applications that can become companies.","Grant","Non-dilutive","Scientific collaboration; translational visibility; partner access","2026-11-28","rolling","Rolling; next cycle when open","year round","UCSD-affiliated / Research / academic / Regional / local","UCSD only","Software / AI","Any stage","Research spinout","Strong","Tier 2","checked","Genomics is one of UCSD's signature strengths, so this is a natural starting point for sequencing-native founders","https://igm.ucsd.edu/","Active","checked"
"Sanford Burnham Prebys Translational Research & Partnerships","External program","Sanford Burnham Prebys is a major discovery institute with active industry partnerships and commercialization activity in cancer, metabolism, neuroscience, and immunity. Founders benefit from translational collaborators, licensing pathways, and access to one of San Diego's most connected drug-discovery environments.","Grant","Non-dilutive","Collaboration access; licensing pathways; translational partner network","2026-11-28","rolling","Rolling; next cycle when open","year round","UCSD-affiliated / Research / academic / Regional / local","UCSD only","All industries","Traction","Research spinout","Excellent","Tier 1","","LifeSci,Tech
UCSD founders can plug into another top-tier discovery institute without leaving the local cluster","https://sbpdiscovery.org/","Active","checked"
"Sanford Consortium Collaboration & Translation Programs","External program","The Sanford Consortium co-locates UC San Diego, Salk, Sanford Burnham Prebys, Scripps Research, and La Jolla Institute on a shared regenerative medicine campus. That density creates startup value through shared cores, talent, and collaboration opportunities even when cash awards are not fixed.","Grant","Non-dilutive","Shared campus connectivity; cores; collaboration access","2026-11-28","rolling","Rolling; next cycle when open","year round","UCSD-affiliated / Research / academic / Regional / local","UCSD only","All industries","Any stage","Research spinout","Excellent","Tier 1","","LifeSci,Tech
Few regions offer this level of cross-institution scientific proximity for regenerative medicine founders","https://www.sanfordconsortium.org/","Active","checked"
"Rady Children's Institute for Genomic Medicine","UC San Diego","The institute uses rapid whole genome sequencing to improve care for critically ill children and rare disease patients. It is valuable to founders building pediatric genomics, diagnostics, AI, or clinical decision tools because it combines real clinical use with strong scientific reputation.","Grant","Non-dilutive","Clinical validation access; translational credibility; collaborator network","2026-11-28","rolling","Rolling; next cycle when open","year round","UCSD-affiliated / Research / academic","UCSD only","Software / AI","Any stage","Software / digital","Strong","Tier 2","","UCSD founders in pediatric or rare-disease genomics gain instant relevance by collaborating with one of the most visible clinical genomics groups in the region","https://radygenomics.org/","Active","checked"
"Bayer CoLaborator San Diego","San Diego ecosystem","Bayer CoLaborator offers life science startups subsidized wet-lab infrastructure, shared equipment, and access to scientific mentors. It helps teams reduce burn while building therapeutics, platform biotech, or other lab-intensive companies.","Incubator","Non-cash support","Subsidized lab space; shared equipment; scientific mentoring","2026-11-13","rolling","Active N/A","year round","UCSD-affiliated / Research / academic / Regional / local","UCSD only","Healthcare / life sciences","Any stage","Research spinout","Moderate","Tier 3","","LifeSci,Tech
Affordable wet-lab space is scarce, so this can meaningfully extend runway for UCSD life science spinouts","https://www.bayer.com/en/pharma/laborator","Active",""
"California Life Sciences CLS Activate Program","State of California","CLS Activate is an early-stage life science accelerator focused on mentorship, peer cohort support, and investor introductions. It is a strong statewide program for California biotechs and medtechs that are moving from science to commercialization.","Accelerator","Non-dilutive","Free program; mentorship; investor introductions","2026-11-13","expected","Active N/A","annual","UCSD-affiliated / Regional / local","UCSD only","Healthcare / life sciences","Idea","Research spinout","Excellent","Tier 1","","EdTech,LifeSci,Medtech,Tech
UCSD teams get statewide visibility and investor access without needing to leave the San Diego ecosystem","https://califesciences.org/programs/activate/","Active","checked"
"California Life Sciences Emerging Company Development","State of California","California Life Sciences provides broader emerging-company support through events, policy advocacy, industry access, and member programming. It helps founders build strategic relationships across the California life science economy, not just in San Diego.","Grant","Non-dilutive","Events; advocacy; investor access; partner visibility","2026-11-28","rolling","Rolling; next cycle when open","year round","UCSD-affiliated / Regional / local","UCSD only","Healthcare / life sciences","Any stage","Research spinout","Strong","Tier 2","","EdTech,LifeSci,Medtech,Tech
UCSD founders gain statewide reach and policy visibility beyond the local cluster","https://califesciences.org/","Active","checked"
"Avalon Ventures Life Science Seed Funding","External program","Avalon is a San Diego-based seed and early-stage investor with a long history of forming and funding life science companies. It behaves more like a venture creation partner than a passive capital source, making it especially relevant for scientific founders.","Grant","Non-dilutive","N/A","2026-11-13","rolling","Active N/A","year round","Regional / local","San Diego region","Healthcare / life sciences","Idea","Research spinout","Moderate","Tier 3","","HealthTech,LifeSci,Tech
Few local firms are as deeply embedded in San Diego life science company formation as Avalon","https://www.avalon-ventures.com/","Active",""
"Sanderling Ventures Biomedical Investment Platform","External program","Sanderling is one of the oldest biomedical venture firms and specializes in building companies in therapeutics, vaccines, drug delivery, platform technologies, and devices. Its long-term, active-management style is a strong fit for science-heavy founders.","Grant","Non-dilutive","N/A","2026-11-13","rolling","Active N/A","year round","UCSD-affiliated / Regional / local","UCSD only","Healthcare / life sciences","Any stage","Research spinout","Moderate","Tier 3","","LifeSci,Medtech,Tech
UCSD therapeutic and platform founders benefit from a local firm built for long-cycle biomedical company creation","https://www.sanderling.com/","Active",""
"MedTech Color Networking & Pitch Programs","External program","MedTech Color is a nonprofit ecosystem focused on increasing representation and access in medtech. For founders, its value comes from community, visibility, founder showcases, and strategic introductions rather than a standing cash grant.","Grant","Non-dilutive","Network access; programming; showcase opportunities; amount varies","2026-11-13","rolling","Active N/A","year round","UCSD-affiliated / Regional / local","UCSD only","Healthcare / life sciences","Any stage","Research spinout","Strong","Tier 2","","BIPOC,EdTech,HealthTech,LifeSci,Medtech
It expands the reachable medtech network for UCSD founders who want warmer introductions and broader visibility","https://medtechcolor.org/","Active","checked"
"San Diego Biotechnology Network Community Programs","San Diego ecosystem","SDBN runs a long-standing community platform for life science events, jobs, directory listings, and industry news in the region. It is not a grant source, but it is useful for founder visibility, recruiting, and lightweight ecosystem access.","Grant","Non-dilutive","Events; directory presence; recruiting and networking visibility","2026-11-28","rolling","Rolling; next cycle when open","year round","UCSD-affiliated / Regional / local","UCSD only","Healthcare / life sciences","Any stage","Research spinout","Strong","Tier 2","","LifeSci,Tech
It is an efficient way for UCSD founders to plug into the day-to-day San Diego biotech community without a formal accelerator","https://www.sdbn.org/","Active","checked"
"Sharp HealthCare Center for Research","External program","Sharp HealthCare runs active clinical research operations with more than 130 ongoing studies and an established IRB process. Founders can use the system for research partnerships, community-site validation, and clinician engagement outside the university hospital environment.","Grant","Non-dilutive","Study access; IRB pathway; clinical collaborators","2026-11-28","rolling","Rolling; next cycle when open","year round","UCSD-affiliated / Research / academic / Regional / local","UCSD only","Healthcare / life sciences","Any stage","Research spinout","Excellent","Tier 1","","LifeSci,Medtech
It gives UCSD founders another real-world clinical setting for validation beyond the academic medical center","https://www.sharp.com/research","Active","checked"
"Sharp Grossmont Clinical Research Access","External program","Sharp Grossmont sits inside the broader Sharp research system and can extend community-hospital access for clinical studies and validation work. For founders, the value is practical patient and clinician context in a non-university care setting.","Grant","Non-dilutive","Community-hospital pilot context; clinical collaborator access","2026-11-28","rolling","Rolling; next cycle when open","year round","UCSD-affiliated / Research / academic / Regional / local","UCSD only","Healthcare / life sciences","Any stage","Research spinout","Excellent","Tier 1","","EdTech,Medtech
It helps UCSD founders test products in care environments that differ from the tertiary academic center","https://www.sharp.com/locations/hospitals/sharp-grossmont","Active","checked"
"Scripps Clinic Active Studies & Research Access","UC San Diego","Scripps Health maintains active studies across cardiology, cancer, neurology, women's health, and other specialties. For founders, that makes Scripps Clinic a practical clinical-validation and partnership environment even when the opportunity is not structured as a classic accelerator.","Grant","Non-dilutive","Clinical study environment; specialty access; investigator network","2026-11-28","rolling","Rolling; next cycle when open","year round","UCSD-affiliated / Research / academic / Regional / local","UCSD only","Healthcare / life sciences","Any stage","Research spinout","Strong","Tier 2","","It gives UCSD founders another large local provider system for pilots and evidence generation","https://www.scripps.org/research/active-studies","Active","checked"
"NHLBI SBIR and STTR Program","Federal program","NHLBI funds small businesses developing products for cardiovascular, pulmonary, blood, and sleep conditions. The program also connects founders to translational and commercialization support through the broader NHLBI innovation ecosystem.","Grant","Non-dilutive","Usually follows NIH SBIR or STTR budgets; some topics can exceed standard caps","2026-11-13","expected","Active Standard NIH dates Jan 5, Apr 5, Sep 5","annual","General access","National / U.S.","Healthcare / life sciences","Prototype","Research spinout","Strong","Tier 2","","HealthTech
It is a major federal path for companies tackling heart, lung, blood, or sleep problems that need non-dilutive clinical or technical de-risking","https://www.nhlbi.nih.gov/grants-and-training","Active","checked"
"NIAID SBIR and STTR Program","Federal program","NIAID supports startups working on infectious disease, immunology, allergy, vaccines, biodefense, and antimicrobial technologies. It is particularly relevant for companies addressing pandemics, diagnostics, therapeutics, and countermeasures.","Grant","Non-dilutive","Usually follows NIH SBIR or STTR budgets; selected biodefense and countermeasure topics may exceed caps","2026-11-13","expected","Active Standard NIH dates Jan 5, Apr 5, Sep 5","annual","General access","National / U.S.","Defense / dual-use","Any stage","Software / digital","Moderate","Tier 3","","Aerospace,Artificial Intelligence
NIAID is one of the best federal homes for startups in infectious disease and preparedness where long development timelines can scare off early investors","https://www.niaid.nih.gov/grants-contracts/small-business-programs","Active",""
"NIMH SBIR and STTR Program","Federal program","NIMH funds small businesses developing mental health therapeutics, diagnostics, digital interventions, and enabling neuroscience technologies. The program is especially relevant for companies working on serious mental illness, measurement, and care delivery innovation.","Grant","Non-dilutive","Usually follows NIH SBIR or STTR budgets; topic waivers may allow more","2026-11-13","expected","Active Standard NIH dates Jan 5, Apr 5, Sep 5","annual","General access","National / U.S.","Healthcare / life sciences","Any stage","Research spinout","Moderate","Tier 3","","It is a rare source of non-dilutive capital for mental health startups, a category where reimbursement and clinical evidence can take time","https://www.nimh.nih.gov/funding","Active",""
"NINDS SBIR and STTR Program","Federal program","NINDS backs startups developing products for neurological disorders, stroke, neurodiagnostics, and neurodevices. It also sits close to cross-cutting neurotech efforts such as Blueprint MedTech and other neuroscience translation resources.","Grant","Non-dilutive","Usually follows NIH SBIR or STTR budgets; some device and translational topics can exceed caps","2026-11-13","expected","Active Standard NIH dates Jan 5, Apr 5, Sep 5","annual","General access","National / U.S.","Healthcare / life sciences","Prototype","Research spinout","Excellent","Tier 1","","HealthTech
It matters because neurology products often need long technical and clinical timelines that are well suited to federal non-dilutive support","https://www.ninds.nih.gov/funding","Active","checked"
"NIDDK SBIR and STTR Program","Federal program","NIDDK funds startups building technologies for diabetes, obesity, digestive disease, liver disease, nutrition, kidney disease, and urology. It can support devices, therapeutics, diagnostics, digital care models, and platform tools in these areas.","Grant","Non-dilutive","Usually follows NIH SBIR or STTR budgets; institute waivers can allow larger budgets","2026-11-13","expected","Active Standard NIH dates Jan 5, Apr 5, Sep 5","annual","General access","National / U.S.","Engineering / technology","Any stage","Hardware / prototype","Moderate","Tier 3","","It is highly relevant for founders in large chronic disease markets where evidence generation is costly but commercially valuable","https://www.niddk.nih.gov/research-funding","Active",""
"NIBIB SBIR and STTR Program","Federal program","NIBIB focuses on platform technologies such as imaging, bioengineering, diagnostics, sensors, data science, and medical devices. It is often a natural NIH home for enabling technologies that cut across disease areas.","Grant","Non-dilutive","Usually follows NIH SBIR or STTR budgets; platform or device topics may exceed caps","2026-11-13","expected","Active Standard NIH dates Jan 5, Apr 5, Sep 5","annual","General access","National / U.S.","Healthcare / life sciences","Any stage","Hardware / prototype","Strong","Tier 2","","NIBIB matters for founders whose core value is the technology platform itself rather than one single disease indication","https://www.nibib.nih.gov/research-funding","Active","checked"
"NHGRI SBIR and STTR Program","Federal program","NHGRI supports startups working in genomics, sequencing, genome analysis, gene regulation, and related tools. It is a strong fit for companies building foundational genomics platforms, diagnostics, or bioinformatics products.","Grant","Non-dilutive","Usually follows NIH SBIR or STTR budgets; selected genomics topics may exceed caps","2026-11-13","expected","Active Standard NIH dates Jan 5, Apr 5, Sep 5","annual","General access","National / U.S.","Engineering / technology","Prototype","Software / digital","Strong","Tier 2","","It is one of the best federal fits for genomics founders building platforms that need deep technical validation before scaling","https://www.genome.gov/research-funding","Active","checked"
"NIA SBIR and STTR Program","Federal program","NIA funds startups addressing aging biology, Alzheimer's disease, cognitive decline, caregiving, and age-related health technologies. It spans therapeutics, diagnostics, devices, digital health, and care innovations for older adults.","Grant","Non-dilutive","Usually follows NIH SBIR or STTR budgets; selected aging topics may exceed caps","2026-11-13","expected","Active Standard NIH dates Jan 5, Apr 5, Sep 5","annual","General access","National / U.S.","Healthcare / life sciences","Any stage","Research spinout","Moderate","Tier 3","","HealthTech
The aging market is enormous, and NIA can help founders build evidence in categories that may take longer to monetize through private capital alone","https://www.nia.nih.gov/research/dab/small-business-program","Active",""
"NEI SBIR and STTR Program","Federal program","NEI supports startups developing products for vision science, ophthalmology, retinal disease, imaging, diagnostics, and assistive technologies. It is useful for both therapeutic and device-focused companies in eye health.","Grant","Non-dilutive","Usually follows NIH SBIR or STTR budgets; selected topics may exceed caps","2026-11-13","expected","Active Standard NIH dates Jan 5, Apr 5, Sep 5","annual","General access","National / U.S.","Healthcare / life sciences","Prototype","Research spinout","Excellent","Tier 1","","HealthTech
Eye health startups often need expensive validation and regulatory work, making NEI funding especially strategic","https://www.nei.nih.gov/grants-and-training","Active","checked"
"NCI IDEA Developmental Awards","External program","NCI IDEA developmental awards back high-risk, early-stage cancer concepts that need proof before larger translational programs or investors engage. Opportunities are FOA-specific and often support exploratory or enabling work around novel cancer science and technology.","Competition","Non-dilutive","Amount varies by FOA; often developmental-award scale rather than large late-stage commercialization budgets","2026-11-13","expected","Next open solicitation window","annual","General access","National / U.S.","All industries","Idea","Networking / support","Excellent","Tier 1","","Active / FOA-dependent
It matters because some oncology ideas are too early for standard venture funding but too promising to leave unfunded","https://www.cancer.gov/grants-training/grants-funding/funding-opportunities","Active","checked"
"NIH Blueprint MedTech","Federal program","Blueprint MedTech helps innovators advance neuroscience devices, diagnostics, and related tools with funding plus hands-on product development support. The program is designed to move neurotechnology projects through translation, regulatory planning, and commercialization milestones.","Accelerator","Non-dilutive","Milestone-based translational funding, project management, and regulatory or commercial support","2026-11-13","expected","Active Program-specific deadlines; check current cycle","annual","Research / academic","National / U.S.","Healthcare / life sciences","Prototype","Research spinout","Strong","Tier 2","","Artificial Intelligence,EdTech,Medtech
Few federal programs are this tailored to getting neurology devices out of the lab and into a real product-development path","https://www.ninds.nih.gov/current-research","Active","checked"
"NIH HEAL Initiative Small Business Programs","Federal program","The HEAL Initiative funds small businesses developing tools, devices, therapeutics, and diagnostics for pain, opioid use disorder, overdose, and addiction-related care. It brings targeted non-dilutive capital to a mission area with strong public health urgency and commercial complexity.","Grant","Non-dilutive","Topic-specific budgets that often align with or exceed standard NIH small-business levels","2026-11-13","expected","Next open solicitation window","annual","General access","National / U.S.","Healthcare / life sciences","Traction","Research spinout","Strong","Tier 2","","Active / topic-dependent
Artificial Intelligence,EdTech,HealthTech,Medtech
HEAL is highly relevant for startups in pain or addiction because it combines mission urgency with dedicated funding streams","https://heal.nih.gov/funding/small-business","Active","checked"
"NIH Director's New Innovator Award","Federal program","The NIH Director's New Innovator Award supports unusually innovative early career investigators pursuing bold biomedical ideas. Although it is investigator-centered rather than startup-specific, it can materially de-risk platform science that later spins into companies.","Grant","Non-dilutive","Large multi-year awards; recent rounds commonly total around $1.5M direct costs","2027-01-31","expected","Next annual cycle (2027)","annual","Research / academic","National / U.S.","Healthcare / life sciences","Idea","Software / digital","Strong","Tier 2","","It matters because breakthrough company formation often starts with bold lab work that needs major non-dilutive backing before private markets will underwrite it","https://commonfund.nih.gov/newinnovator","Active","checked"
"NCI Cancer Moonshot Funding Opportunities","External program","Cancer Moonshot funding supports ambitious cancer prevention, detection, treatment, data, and implementation efforts across the NCI ecosystem. While many awards are not startup-specific, the initiative creates meaningful opportunities for company-aligned platforms, diagnostics, and translational partnerships.","Grant","Non-dilutive","Amount varies widely by FOA and consortium structure","2026-11-13","expected","Next open solicitation window","annual","General access","National / U.S.","Software / AI","Any stage","Software / digital","Low","Tier 4","","Active / FOA-dependent
Moonshot programs matter because they can create large, nationally visible pathways for cancer technologies that need validation at scale","https://www.cancer.gov/research/progress/moonshot-cancer-initiative","Active",""
"NIH Common Fund Programs","Federal program","The NIH Common Fund supports cross-cutting biomedical initiatives that do not fit cleanly within a single institute. For startups, it is most relevant when a platform or enabling technology addresses a broad translational bottleneck or emerging frontier.","Grant","Non-dilutive","Amount varies widely by initiative","2026-11-13","expected","Next open solicitation window","annual","General access","National / U.S.","Healthcare / life sciences","Any stage","Software / digital","Moderate","Tier 3","","Active / FOA-dependent
Data Science,LifeSci
This is useful when a startup's technology is broader than any one disease area and needs a federal home for platform-scale validation","https://commonfund.nih.gov/funding","Active",""
"BARDA Broad Agency Announcement and Medical Countermeasure Contracts","External program","BARDA contracts support advanced development and procurement-relevant work for medical countermeasures, diagnostics, therapeutics, and preparedness infrastructure. These awards are usually larger and more milestone-driven than grants, making them especially important for later-stage health security companies.","Grant","Non-dilutive","Highly variable; can range from prototype funding to multi-million-dollar advanced development awards","2026-11-13","rolling","Next open solicitation window","year round","General access","National / U.S.","Healthcare / life sciences","Any stage","Research spinout","Moderate","Tier 3","","Active / topic-dependent
BARDA is one of the few federal customers capable of funding late-stage preparedness technologies at commercially meaningful scale","https://medicalcountermeasures.gov/barda/","Active",""
"DARPA Biological Technologies Office Programs","Federal program","DARPA BTO funds high-risk biological technologies for warfighter health, diagnostics, countermeasures, manufacturing, and bio-enabled systems. Opportunities are program-specific, but successful teams can access unusually ambitious non-dilutive support for frontier biotech.","Grant","Non-dilutive","Program-dependent and often multi-million-dollar","2026-11-13","expected","Next open solicitation window","annual","General access","National / U.S.","Healthcare / life sciences","Any stage","Research spinout","Moderate","Tier 3","","Active / program-dependent
LifeSci,Tech
DARPA BTO matters because it can fund radical biological approaches that are too ambitious or too early for normal venture or grant channels","https://www.darpa.mil/about/offices/bto","Active",""
"CDC Small Business Programs","External program","CDC participates in HHS small-business funding for technologies that improve public health surveillance, diagnostics, preparedness, and disease prevention. The fit is strongest for startups with clear public health system relevance rather than purely elective healthcare products.","Grant","Non-dilutive","Often aligned with HHS small-business budget norms; topic-specific amounts vary","2026-11-13","expected","Next open solicitation window","annual","General access","National / U.S.","Healthcare / life sciences","Prototype","Research spinout","Strong","Tier 2","","Active / topic-dependent
Industry Agnostic
CDC funding can be strategically important for companies selling into public health workflows rather than traditional provider or pharma markets","https://www.cdc.gov/sbir/","Active","checked"
"USAMRDC Medical Research and Development Funding","External program","USAMRDC supports medical technologies relevant to military medicine, readiness, trauma, infectious disease, rehabilitation, and operational health. Opportunities can appear as grants, contracts, BAAs, or collaborative research programs.","Grant","Non-dilutive","Amount varies widely by mechanism and topic","2026-11-13","expected","Next open solicitation window","annual","Research / academic","National / U.S.","Healthcare / life sciences","Any stage","Research spinout","Moderate","Tier 3","","Active / topic-dependent
EdTech,LifeSci,Medtech,Veterans & family
It matters because military medicine often funds urgent clinical problems that later translate into civilian healthcare markets","https://mrdc.health.mil/","Active",""
"DoD Peer Reviewed Medical Research Program (PRMRP)","Federal program","PRMRP is a flagship DoD medical funding line that rotates through congressionally specified topic areas each fiscal year. It supports high-impact research and translational development across many diseases and can be relevant to startups when their indication appears on the annual list.","Grant","Non-dilutive","Amount varies by award mechanism and fiscal year topic","2027-01-31","expected","Next annual cycle (2027)","annual","Research / academic","National / U.S.","Healthcare / life sciences","Any stage","Research spinout","Moderate","Tier 3","","PRMRP is worth tracking because when your disease area is listed, the award sizes and visibility can be significant","https://cdmrp.health.mil/prmrp/default","Active",""
"DoD Congressionally Directed Medical Research Programs (CDMRP)","Federal program","CDMRP is the umbrella DoD medical funding system covering many disease-area programs such as breast cancer, ALS, neurofibromatosis, and others. Startups can find opportunities here when their target indication lines up with an active program announcement.","Grant","Non-dilutive","Amount varies widely by disease program and mechanism","2026-11-13","expected","Next open solicitation window","annual","Research / academic","National / U.S.","Healthcare / life sciences","Any stage","Research spinout","Moderate","Tier 3","","CDMRP is important because it creates indication-specific pockets of capital that can be highly relevant for niche or underserved disease startups","https://cdmrp.health.mil/","Active",""
"TATRC Funding and Innovation Programs","External program","TATRC backs military-relevant digital health, telemedicine, AI, decision support, and advanced care technologies. Opportunities can include pilot funding, prize challenges, BAAs, and collaborative translational programs.","Competition","Non-dilutive","Amount varies by challenge or funding mechanism","2026-11-13","expected","Next open solicitation window","annual","Research / academic","National / U.S.","Healthcare / life sciences","Prototype","Research spinout","Strong","Tier 2","","Active / topic-dependent
Artificial Intelligence,HealthTech,Veterans & family
TATRC matters for health-tech founders because it can fund real-world care-delivery tools that later expand into civilian systems","https://www.health.mil/Military-Health-Topics/Research-and-Innovation","Active","checked"
"FDA Small Business Programs","External program","FDA small-business funding supports regulatory science, product quality, and tools that strengthen the safety and effectiveness of regulated products. While narrower than NIH or NSF, it can be valuable for startups whose innovation directly improves FDA-regulated development or review workflows.","Grant","Non-dilutive","Amount varies by current FDA small-business notice or HHS mechanism","2026-11-13","expected","Next open solicitation window","annual","General access","National / U.S.","Healthcare / life sciences","Prototype","Research spinout","Strong","Tier 2","","Active / topic-dependent
LifeSci,Medtech
FDA small-business awards are useful when the product itself improves regulated development, testing, quality, or review infrastructure","https://www.fda.gov/science-research","Active","checked"
"FDA Breakthrough Device Designation","External program","The Breakthrough Devices Program gives certain device makers earlier and more interactive engagement with FDA plus prioritized review processes. It is not a cash award, but it can materially reduce regulatory friction for transformative devices.","Grant","Non-dilutive","Priority interaction with FDA, potential review acceleration, and stronger signaling to investors and partners","2026-11-28","rolling","Rolling; next cycle when open","year round","General access","National / U.S.","Healthcare / life sciences","Any stage","Research spinout","Strong","Tier 2","","EdTech,Medtech
For device startups, this designation can be nearly as valuable as capital because it can shorten timelines and improve financing confidence","https://www.fda.gov/medical-devices/how-study-and-market-your-device/breakthrough-devices-program","Active","checked"
"FDA RMAT Designation","External program","RMAT designation is an expedited pathway for eligible regenerative medicine therapies that show early potential for serious conditions. It is not direct funding, but it can accelerate development and improve the financing profile of cell and gene therapy startups.","Grant","Non-dilutive","Intensive FDA interaction and expedited development benefits; no direct cash","2026-11-28","rolling","Rolling; next cycle when open","year round","General access","National / U.S.","All industries","Any stage","General startup support","Low","Tier 4","","RMAT can materially increase strategic value for regenerative medicine startups by improving regulatory clarity and perceived probability of success","https://www.fda.gov/vaccines-blood-biologics/cellular-gene-therapy-products/regenerative-medicine-advanced-therapy-designation","Active",""
"FDA Digital Health Center of Excellence","External program","The Digital Health Center of Excellence coordinates FDA policy, guidance, and expertise for software, AI, and connected digital health technologies. It does not award startup grants directly, but it improves the regulatory path for companies building regulated digital products.","Grant","Non-dilutive","Guidance access, policy clarity, and a more navigable review environment","2026-11-13","rolling","Active N/A","year round","General access","National / U.S.","Healthcare / life sciences","Prototype","Research spinout","Strong","Tier 2","","Artificial Intelligence,HealthTech,LifeSci,Medtech,Software
It matters because better regulatory predictability can save startups substantial time and capital even without direct grant funding","https://www.fda.gov/medical-devices/digital-health-center-excellence","Active","checked"
"PCORI Funding Opportunities","External program","PCORI funds comparative clinical effectiveness, implementation, and patient-centered outcomes research. Startups are most relevant when they have evidence-generating platforms, diagnostics, or care models that fit PCORI's research agenda or can partner with delivery organizations.","Grant","Non-dilutive","Often six- to seven-figure awards depending on mechanism","2026-11-13","expected","Next open solicitation window","annual","Research / academic","National / U.S.","Healthcare / life sciences","Any stage","Research spinout","Moderate","Tier 3","","HealthTech
PCORI matters because strong outcomes evidence can unlock reimbursement and adoption for healthcare startups","https://www.pcori.org/funding-opportunities","Active",""
"AHRQ Grants and Contracts","External program","AHRQ funds research and implementation work that improves healthcare quality, safety, access, and value. It is most relevant to startups building care delivery, patient safety, decision support, workflow, and health services technologies.","Grant","Non-dilutive","Amount varies by mechanism and FOA","2026-11-13","expected","Next open solicitation window","annual","Research / academic","National / U.S.","Healthcare / life sciences","Any stage","Research spinout","Moderate","Tier 3","","Active / FOA-dependent
HealthTech
AHRQ is strategically important for startups selling workflow or quality solutions into providers, payers, or health systems","https://www.ahrq.gov/funding/index.html","Active",""
"USDA SBIR for AgBio and Food Science","Federal program","USDA SBIR funds small businesses developing technologies for agriculture, animal health, food safety, nutrition, biobased products, and rural systems. It is a strong fit for agbio founders whose products sit between life science and food or environmental markets.","Grant","Non-dilutive","Phase I and Phase II budgets vary by solicitation year and topic","2027-01-31","expected","Next annual cycle (2027)","annual","General access","National / U.S.","Healthcare / life sciences","Prototype","Research spinout","Strong","Tier 2","","Food and Beverage
For startups in agriculture or food biotech, USDA SBIR can be the most natural federal source of non-dilutive validation capital","https://www.usda.gov/topics/research-and-science/small-business-innovation-research-program","Active","checked"
"DOE ARPA-E Biological and Bioenergy Programs","Federal program","ARPA-E backs high-risk energy technologies, including biological, bioenergy, biomanufacturing, and related platform areas when they align with active programs. Awards are typically larger and more ambitious than standard grants and are aimed at transformational technical leaps.","Grant","Non-dilutive","Program-dependent and often from hundreds of thousands to multiple millions","2026-11-13","expected","Next open solicitation window","annual","General access","National / U.S.","Climate / energy","Any stage","Climate / cleantech","Moderate","Tier 3","","Active / program-dependent
Energy,GreenTech,LifeSci,Tech
ARPA-E is important for biology-based energy and manufacturing startups because it funds bold technical bets at a scale few other agencies match","https://arpa-e.energy.gov/","Active",""
"CDC Foundation Grants and RFPs","External program","The CDC Foundation is the congressionally authorized nonprofit partner to CDC and periodically runs public health grants, challenges, and RFP-backed programs with government and philanthropic partners. It is not a standard startup grant engine, but it can create relevant non-dilutive opportunities for companies operating in public health and community health infrastructure.","Grant","Non-dilutive","Varies by program or RFP","2026-11-13","expected","Next open solicitation window","annual","Regional / local","National / U.S.","Healthcare / life sciences","Any stage","Research spinout","Moderate","Tier 3","","Active / opportunity-dependent
HealthTech
It is worth tracking because mission-aligned public health companies sometimes find niche non-dilutive opportunities here that are missed by mainstream startup funding lists","https://www.cdcfoundation.org/","Active",""
"NAVWAR OTA and Innovation Programs","External program","NAVWAR manages Other Transaction Authority (OTA) agreements and innovation programs to rapidly prototype and transition technology into Navy and Marine Corps C4ISR systems. NavalX facilitates rapid startup engagement with the Navy's largest information warfare command headquartered in San Diego.","Grant","Non-dilutive","$150K–$5M+ per OTA or SBIR award","2026-11-28","rolling","Rolling; next cycle when open","annual","Regional / local","San Diego region","Defense / dual-use","Prototype","Hardware / prototype","Excellent","Tier 1","","Active – Rolling solicitations
Aerospace,Artificial Intelligence,BlueTech,Cybersecurity
NAVWAR is the Navy's largest C4ISR command headquartered in SD
OTA contracts let non-traditional defense companies bypass full procurement overhead — critical entry point for defense tech startups","https://www.navwar.navy.mil/","Active","checked"
"NIWC Pacific SBIR/STTR Programs","Federal program","NIWC Pacific conducts R&D and manages SBIR/STTR contracts for Navy C4ISR systems at its Point Loma San Diego campus. Primary Navy R&D hub for command, control, communications, and intelligence systems on the West Coast.","Grant","Non-dilutive","$150K–$250K Phase I; up to $1.5M Phase II","2026-11-13","expected","Next open solicitation window","annual","UCSD-affiliated / Research / academic / Regional / local","UCSD only","Defense / dual-use","Any stage","Software / digital","Excellent","Tier 1","","Active – Multiple solicitations/year
Aerospace,Artificial Intelligence,BlueTech,Cybersecurity
San Diego hosts the largest Navy research installation in the US
NIWC Pacific proximity creates unique collaboration and follow-on contract opportunities unavailable elsewhere","https://www.niwcpacific.navy.mil/","Active","checked"
"General Atomics University and Innovation Partnerships","External program","General Atomics funds sponsored research partnerships with universities and innovators in nuclear energy, directed energy, electromagnetic launch, and defense systems. Vendor and supply chain programs create pathways for deep-tech startups aligned with GA's advanced technology programs.","Grant","Non-dilutive","Varies by partnership scope","2026-11-28","rolling","Rolling; next cycle when open","year round","UCSD-affiliated / Research / academic / Regional / local","UCSD only","Climate / energy","Traction","Research spinout","Excellent","Tier 1","","Active – Rolling (relationship-based)
Aerospace,Energy
GA is one of San Diego's largest private employers
partnership unlocks access to classified facilities, test ranges, and long-term government contracts unavailable through standard procurement","https://www.ga.com/","Active","checked"
"SAIC Innovation Factory","External program","SAIC's Innovation Factory connects technology startups with SAIC's government technology pipeline through co-development agreements, OTA subcontracts, and pilot opportunities. Gives startups access to SAIC's massive federal customer base as a $7B+ prime defense contractor based in San Diego.","Grant","Non-dilutive","Varies; access to SAIC federal customer base and contracts","2026-11-28","rolling","Rolling; next cycle when open","year round","Regional / local","San Diego region","Defense / dual-use","Prototype","Software / digital","Strong","Tier 2","","Active – Rolling (by outreach)
Aerospace,Artificial Intelligence,Cybersecurity,GovTech
SAIC is a $7B+ defense prime HQ'd in SD
partnership enables startups to access federal contracts without independent business development overhead — shortcut to DoD revenue","https://www.saic.com/innovation-factory","Active","checked"
"Kratos Defense Vendor Innovation Partnerships","External program","San Diego-based public defense contractor focused on unmanned systems, satellite communications, rocket systems, and national security solutions. Engages startups through supply chain and vendor partnership programs. Actively participates in San Diego's defense tech ecosystem.","Grant","Non-dilutive","Varies by contract scope","2026-11-28","rolling","Rolling; next cycle when open","year round","Regional / local","San Diego region","Defense / dual-use","Any stage","Software / digital","Moderate","Tier 3","","Active – Rolling
Aerospace
Kratos is SD's leading unmanned systems and satellite communications company
vendor partnerships provide stable government-backed revenue for qualifying deep-tech startups","https://www.kratosdefense.com/","Active",""
"Cubic Corporation Innovation Partnerships","External program","Cubic develops defense C2 communication systems and global transportation management solutions. Engages startups through supply chain innovation and technology partnership programs. Extensive DoD and international transit agency relationships create unique partnership pathways.","Grant","Non-dilutive","Varies by partnership scope","2026-11-28","rolling","Rolling; next cycle when open","year round","Open to all","International / global","Defense / dual-use","Any stage","Software / digital","Moderate","Tier 3","","Active – Rolling
Aerospace,Artificial Intelligence,Transportation
Cubic's global defense and transit footprint creates rare dual-use market opportunities for SD startups partnering on C2 and transportation management platforms","https://www.cubic.com/","Active",""
"Leidos San Diego Programs","San Diego ecosystem","Leidos operates significant R&D and program management activities at San Diego facilities covering defense health IT, aviation systems, and intelligence. Actively engages startups through small business programs, SBIR subcontracting, and innovation partnerships. One of SD's largest defense employers.","Grant","Non-dilutive","Varies by contract scope","2026-11-28","rolling","Rolling; next cycle when open","year round","Regional / local","San Diego region","Healthcare / life sciences","Any stage","Research spinout","Moderate","Tier 3","","Active – Rolling
Aerospace,Artificial Intelligence,Cybersecurity
Leidos employs thousands in San Diego
small business programs actively source SD-based innovative companies as subcontractors with multi-year contract visibility","https://www.leidos.com/","Active",""
"Port of San Diego Blue Economy Innovation","San Diego ecosystem","The Port of San Diego partners with ocean technology and cleantech companies to pilot innovations within its maritime infrastructure including smart buoy systems, aquaculture planning, vessel emission monitoring, and sustainable maritime technologies. Real port testbed access for blue economy startups.","Grant","Non-dilutive","In-kind port infrastructure access; potential paid pilot agreements ranging from small pilots to $500K+","2026-11-28","rolling","Rolling; next cycle when open","year round","Regional / local","San Diego region","Climate / energy","Prototype","Climate / cleantech","Excellent","Tier 1","","Active – Rolling partnerships
BlueTech,GreenTech,Ocean Sciences
Direct access to active commercial port as a real-world testbed is uniquely valuable
Port's sustainability commitments (MCAS strategy) create a motivated, funded pilot customer for ocean tech","https://www.portofsandiego.org/waterfront-development/blue-economy","Active","checked"
"The Maritime Alliance (TMA) Blue Tech Programs","External program","San Diego's blue technology industry cluster connecting maritime, ocean science, and blue economy innovators with investors, government, and research institutions. Hosts BlueSpace accelerator programming and BLUE STARTUP Network events for maritime entrepreneurs. Note: verify current website and program status.","Accelerator","Non-dilutive","Mentor network; investor introductions; industry events; curated Navy and NOAA connections","2026-11-13","rolling","Next open solicitation window","year round","UCSD-affiliated / Research / academic / Regional / local","UCSD only","Climate / energy","Any stage","Research spinout","Moderate","Tier 3","","Active – Verify current status
BlueTech,Ocean Sciences
TMA connects blue tech startups to San Diego's unique Navy-Scripps-NOAA trifecta — the world's densest concentration of ocean research and defense maritime assets in one metro area","https://www.themaritimealliance.org/","Active",""
"Scripps Institution of Oceanography Blue Tech Spinout Programs","UC San Diego","Scripps supports commercialization of ocean science discoveries through UCSD's Invent@UCSD and von Liebig POC grant pathways. Researchers can spin out companies around climate monitoring systems, ocean observing technology, marine biotechnology, and environmental sensing platforms.","Grant","Non-dilutive","Up to $50K (von Liebig POC); IP support; mentor access via Invent@UCSD","2026-11-28","rolling","Rolling; next cycle when open","year round","UCSD-affiliated / Open to all / Research / academic","UCSD only","Healthcare / life sciences","Traction","Research spinout","Excellent","Tier 1","","Active – Rolling
BlueTech,GreenTech,LifeSci,Ocean Sciences,Tech
Scripps is a top-3 global ocean research institution
SD's Navy-NOAA-Scripps concentration creates unmatched blue economy commercialization pipeline","https://scripps.ucsd.edu/","Active","checked"
"California Sea Grant Startup and Innovation Programs","State of California","California Sea Grant funds research at the ocean-society interface, supporting startups and researchers commercializing coastal and ocean technologies. Fellowship programs and competitive R&D grants support early-stage ocean innovators. UCSD Scripps is the program's host institution.","Grant","Non-dilutive","$25K–$250K research grants; fellowship stipends ~$52K/year","2027-01-31","expected","Next annual cycle (2027)","annual","UCSD-affiliated / Research / academic","UCSD only","Climate / energy","Idea","Research spinout","Excellent","Tier 1","","Active – Annual cycles
Ocean Sciences
Rare blue-economy-specific non-dilutive grant housed at UCSD Scripps
provides critical funding for ocean-focused startups at the research-to-commercialization boundary","https://caseagrant.ucsd.edu/","Active","checked"
"NOAA Southwest Fisheries Science Center CRADA Partnerships","External program","NOAA's primary West Coast fisheries and marine mammal science center based in La Jolla. Offers Cooperative R&D Agreements (CRADAs) to technology companies developing fisheries management tools, aquaculture solutions, marine monitoring platforms, and ocean data systems.","Grant","Non-dilutive","Government lab access; unique data and vessel sharing; co-development resources","2026-11-28","rolling","Rolling; next cycle when open","year round","UCSD-affiliated / Research / academic","UCSD only","Climate / energy","Any stage","Software / digital","Strong","Tier 2","","Active – Rolling (CRADA proposals)
Ocean Sciences
Located adjacent to Scripps in La Jolla
NOAA CRADAs provide startups government data sets, research vessels, and scientific expertise with no equity dilution","https://www.fisheries.noaa.gov/contact/southwest-fisheries-science-center","Active","checked"
"SDG&E Innovation and Technology Programs","External program","SDG&E runs the Cleantech Innovation Program and SDG&E Ventures connecting early-stage energy startups with paid pilot opportunities on its grid, buildings, and transportation infrastructure. Provides funded pilot agreements and pathways to Sempra's broader national energy network.","Grant","Non-dilutive","$25K–$500K pilot funding; infrastructure testbed access","2026-11-28","rolling","Rolling; next cycle when open","year round","General access","National / U.S.","Climate / energy","Idea","Climate / cleantech","Excellent","Tier 1","","Active – Rolling
Energy,GreenTech
SDG&E serves 3.7M people with some of the highest US renewable penetration
pilot partnerships provide paid revenue and real-world validation data for energy tech startups","https://www.sdge.com/","Active","checked"
"Hera Labs Women Founders Accelerator","External program","San Diego-based accelerator exclusively for women-led companies. Provides 4–6 month intensive program with business growth curriculum, mentorship from industry executives, investor connections, and a powerful alumnae community. Focus on revenue-stage companies ready to scale operations.","Accelerator","Non-dilutive","Free or subsidized program; mentor network; investor access; alumnae network","2027-01-31","expected","Next annual cycle (2027)","annual","Research / academic / Regional / local","San Diego region","Social impact","Traction","Research spinout","Strong","Tier 2","","Active – Annual cohorts
Industry Agnostic,Womxn
Only accelerator in San Diego exclusively serving women founders
proven track record of accelerating revenue growth with no equity dilution","https://www.heralabs.com/","Active","checked"
"The Founder Gym Underrepresented Founders Program","External program","Online pre-accelerator exclusively for underrepresented founders (Black, Latinx, women, LGBTQ+) teaching venture fundraising skills and investor relations. Structured cohort curriculum on raising capital from underrepresented backgrounds. San Diego-founded program with national reach.","Accelerator","Non-dilutive","Fundraising education; investor network access; cohort peer community","2026-11-13","expected","Next open solicitation window","annual","Regional / local","San Diego region","Software / AI","Any stage","Software / digital","Low","Tier 4","","Active – Cohort-based
Artificial Intelligence,BIPOC,Industry Agnostic,Womxn
One of very few programs teaching VC fundraising skills to underrepresented founders
addresses the systemic gap in investor access for Black and Latinx entrepreneurs nationwide","https://www.lightship.foundation/foundergym/","Active",""
"MAAC Small Business Development Programs","External program","South San Diego's anchor community services organization providing microenterprise development, small business technical assistance, and financial coaching to low-income families and entrepreneurs. Programs help historically underserved founders in National City, Barrio Logan, and South Bay with business planning and capital access.","Grant","Non-dilutive","Free TA; microloan referrals typically $500–$25K","2026-11-28","rolling","Rolling; next cycle when open","year round","Regional / local","San Diego region","Social impact","Any stage","Social impact","Strong","Tier 2","","Active – Rolling
MAAC's 60-year community trust creates a culturally safe entry point for founders facing systemic barriers to mainstream startup programs
essential for South Bay's Latinx entrepreneurship pipeline","https://maacproject.org/","Active","checked"
"Chicano Federation Grants and Community Programs","External program","San Diego-based nonprofit serving the Latinx community with education, economic development, and social services since 1969. Provides small business development workshops, referrals to capital programs, and community grants supporting Latinx entrepreneurs and social enterprises in San Diego County.","Grant","Non-dilutive","Small community grants $1K–$10K typical; TA and referral services","2026-11-28","rolling","Rolling; next cycle when open","year round","Regional / local","San Diego region","Social impact","Any stage","Social impact","Strong","Tier 2","","Active – Rolling programs
Anchor organization for Latinx economic empowerment in SD since 1969
bridges founders to mainstream small business capital with culturally competent navigation support","https://www.chicanofederation.org/","Active","checked"
"LISC San Diego Community Development Financial Programs","San Diego ecosystem","National CDFI with strong San Diego presence providing small business loans, technical assistance, and community development financing in underserved neighborhoods. Administers small business lending and grant programs targeting BIPOC entrepreneurs and low-income community businesses in SD County.","Grant","Dilutive / equity","$5K–$250K small business loans; TA services free","2026-11-28","rolling","Rolling; next cycle when open","year round","Regional / local","San Diego region","Social impact","Any stage","Social impact","Strong","Tier 2","","Active – Rolling
CDFI lending fills the critical gap between traditional bank loans and grant funding
key capital source for underrepresented SD founders who cannot access conventional credit or equity VC","https://www.lisc.org/san-diego/","Active","checked"
"Barrio Logan Community Innovation Hub","External program","Community-driven innovation and maker space serving the Barrio Logan neighborhood in San Diego. Provides accessible workspace, workshops, and peer support for local entrepreneurs and creative economy businesses in this historic Latinx waterfront community. Bridges maritime and creative industries.","Grant","Non-dilutive","Low-cost workspace; peer network; workshop access","2026-11-28","rolling","Rolling; next cycle when open","year round","Regional / local","San Diego region","Social impact","Any stage","Social impact","Moderate","Tier 3","","Active – Rolling
BIPOC,BlueTech,Social Enterprise
Rare innovation resource in San Diego's most historic Latinx industrial neighborhood
proximity to Port and maritime economy creates unique cross-sector commercialization opportunities","N/A","Active",""
"Jacobs Center for Neighborhood Innovation","UC San Diego","Southeast San Diego community development organization focused on economic empowerment in underserved neighborhoods. Runs small business development programs, community entrepreneurship workshops, and manages the Village at Market Creek as an economic platform for community-owned enterprises.","Grant","Non-dilutive","Small grants; space access; business development support","2026-11-28","rolling","Rolling; next cycle when open","year round","UCSD-affiliated / Regional / local","UCSD only","Social impact","Any stage","Social impact","Strong","Tier 2","","Active – Rolling
Artificial Intelligence,Social Enterprise
JCNI is a pioneer in community wealth-building through business development
serves communities historically bypassed by mainstream startup programs in SD's most diverse neighborhoods","https://jacobscenter.org/","Active","checked"
"San Diego Grantmakers Equity Programs (Catalyst SD)","San Diego ecosystem","Network of San Diego philanthropic organizations and grantmakers (rebranded as Catalyst SD). Hosts equity-focused grant programs and capacity-building resources for nonprofits and social enterprises addressing community needs. Connects social entrepreneurs to SD's entire philanthropic funding community.","Grant","Dilutive / equity","Typically $5K–$100K+ per grant (varies by funder member)","2027-01-31","rolling","Next annual cycle (2027)","year round","Regional / local","San Diego region","Social impact","Any stage","Social impact","Strong","Tier 2","","Active – Annual cycles
Social Enterprise
Catalyst SD connects social entrepreneurs to San Diego's entire philanthropic community
essential gateway for mission-driven founders who need foundation capital to launch","https://catalystsd.org/","Active","checked"
"University of San Diego Brink Entrepreneurship Center","San Diego ecosystem","USD's Brink program supports student and community entrepreneurs through business plan competitions, mentorship, executive consulting, and startup resources. Focuses on social impact and values-based entrepreneurship aligned with USD's mission. Connects founders to USD's engaged alumni and donor network.","Competition","Non-dilutive","Competition prizes; mentorship; executive consulting access; space","2027-01-31","expected","Next annual cycle (2027)","annual","UCSD-affiliated / Student-only / Student + alumni / Regional / local","UCSD only","Social impact","Any stage","Social impact","Excellent","Tier 1","","Active – Annual
Industry Agnostic,Social Enterprise
USD's values-based lens attracts social entrepreneurs and impact founders
complementary alumni investor and donor network distinct from UCSD/SDSU ecosystems","https://www.sandiego.edu/business/centers/brink/","Active","checked"
"San Diego Mesa College SBDC","San Diego ecosystem","SBDC satellite center at San Diego Mesa College providing free one-on-one business consulting, workshops, and capital access resources for entrepreneurs in the Mission Valley and Mid-City areas. Part of the SBA-funded SD & Imperial SBDC Network headquartered at Southwestern College.","Grant","Non-dilutive","Free consulting; grant and loan navigation; SBIR application assistance","2026-11-28","rolling","Rolling; next cycle when open","year round","Regional / local","San Diego region","All industries","Any stage","Networking / support","Moderate","Tier 3","","Active – Rolling
Industry Agnostic
Free expert consulting for entrepreneurs in SD's most diverse neighborhoods
SBDC advisors navigate local, state, and federal funding pathways at no cost","https://sdsbdc.org/","Active",""
"Circulate Capital Ocean Plastics Investment Fund","External program","Impact investment fund focused on financing companies and infrastructure that prevent ocean plastic pollution, primarily in South and Southeast Asia. Invests in waste management, recycling technology, and circular economy businesses globally. Relevant to SD blue economy startups with scalable ocean plastics solutions.","Grant","Non-dilutive","$1M–$10M+ per investment","2026-11-28","rolling","Rolling; next cycle when open","year round","UCSD-affiliated / Open to all / Research / academic","UCSD only","Climate / energy","Any stage","Research spinout","Moderate","Tier 3","","Active – Rolling
Artificial Intelligence,Ocean Sciences,Sustainability
For SD blue economy startups with plastics or waste angle
Circulate Capital's ocean focus aligns with SD-Scripps research strengths in marine pollution and circular economy","https://www.circulatecapital.com/","Active",""
"Aqua-Spark Aquaculture Investment Fund","External program","Global venture fund exclusively investing in sustainable aquaculture across the value chain — from feed and genetics to technology and market access platforms. Seeks companies making fish farming more efficient, sustainable, and profitable. Actively sources deals from US coastal markets.","Grant","Non-dilutive","$500K–$5M per investment (typical)","2026-11-28","rolling","Rolling; next cycle when open","year round","UCSD-affiliated / Open to all","UCSD only","Climate / energy","Any stage","Software / digital","Moderate","Tier 3","","Active – Rolling
Artificial Intelligence,Food and Beverage,Ocean Sciences
Only major global VC exclusively focused on aquaculture
critical investor for SD startups in sustainable seafood
Scripps marine biology expertise creates strong SD-based deal pipeline","https://aqua-spark.nl/","Active",""
"SCALE SD Defense and Maritime Innovation Network","External program","San Diego-focused network connecting defense and maritime technology startups with prime contractors, Navy acquisition professionals, and venture investors. Provides curated introductions and programming to accelerate defense technology commercialization within San Diego's dominant defense maritime corridor. Verify current operational status.","Grant","Non-dilutive","Curated prime contractor introductions; Navy acquisition access; investor programming","2026-11-13","rolling","Next open solicitation window","year round","Regional / local","San Diego region","Defense / dual-use","Traction","Networking / support","Excellent","Tier 1","","Active – Verify current status
Aerospace,Artificial Intelligence,BlueTech
San Diego is the #1 US city for defense maritime spending
specialized network creates direct pathways from startup to prime contractor partnership and Navy contract award","https://www.scalesd.org/","Active","checked"
"East County Economic Development Council","External program","Economic development organization serving San Diego's East County (El Cajon, Santee, La Mesa, Alpine) with business resources, site selection support, startup ecosystem building, and workforce connections. Bridges East County entrepreneurs to county-wide and state programs they often miss.","Grant","Non-dilutive","Free services; business resource connections; site selection support; state program navigation","2026-11-28","rolling","Rolling; next cycle when open","year round","Regional / local","San Diego region","All industries","Any stage","Networking / support","Strong","Tier 2","","Active – Rolling
Industry Agnostic
Brings startup ecosystem resources to underserved East County communities with substantial military veteran and working-class entrepreneur populations often overlooked by downtown-centric SD programs","https://eastcountyedc.org/","Active","checked"
"Cal State San Marcos Entrepreneurship Programs","External program","CSUSM runs entrepreneurship programs through its College of Business Administration including business plan competitions, mentorship programs, startup consulting, and the CSUSM SBDC. Serves North County San Diego's rapidly growing startup ecosystem including the Temecula-Murrieta biotech and tech corridor.","Competition","Non-dilutive","Competition prizes; mentorship; SBDC consulting; space access","2027-01-31","expected","Next annual cycle (2027)","annual","UCSD-affiliated / Research / academic / Regional / local","UCSD only","Healthcare / life sciences","Any stage","Research spinout","Strong","Tier 2","","Active – Annual
Industry Agnostic
Serves the rapidly growing North County innovation corridor
connection point between SD's university research base and the Riverside-Temecula biotech and manufacturing cluster","https://www.csusm.edu/","Active","checked"
"Tijuana-San Diego Cross-Border Innovation Programs","San Diego ecosystem","San Diego and Tijuana jointly host binational innovation programs connecting US and Mexican entrepreneurs. The SD-TJ border region is the world's largest binational metro area. Programs include cross-border accelerator cohorts, binational pitch events, and matchmaking between US and Baja California technology and manufacturing companies.","Grant","Non-dilutive","Cross-border network; matchmaking; Mexico market entry support; manufacturing partnership connections","2026-11-28","rolling","Rolling; next cycle when open","year round","Regional / local","San Diego region","Healthcare / life sciences","Any stage","Research spinout","Strong","Tier 2","","Active – Rolling programs
Aerospace,Artificial Intelligence,EdTech,GreenTech,Medtech
SD-TJ is the world's most productive binational metro
startups with cross-border operations access Mexico's low-cost manufacturing base and growing tech talent pool — increasingly critical given nearshoring trends","https://www.sandiegobusiness.org/doing-business-here/","Active","checked"
"SDSU Research Foundation Technology Transfer","Federal program","SDSU Research Foundation manages technology transfer, IP licensing, and startup formation for SDSU faculty and student research. Provides inventor support, patent prosecution, and connections to the SDSU entrepreneurship ecosystem including the Lavin Center and San Diego Angel Conference.","Grant","Non-dilutive","Free IP support; licensing assistance; startup formation guidance; Lavin Center connection","2026-11-28","rolling","Rolling; next cycle when open","year round","UCSD-affiliated / Student-only / Research / academic / Regional / local","UCSD only","All industries","Any stage","Research spinout","Strong","Tier 2","","Active – Rolling
LifeSci,Tech
SDSU's 18 research centers generate hundreds of patentable discoveries annually
Research Foundation bridges academic research and startup formation at San Diego's second major research university","https://www.foundation.sdsu.edu/","Active","checked"
"J&J JLABS @ La Jolla","External program","No-equity biotech incubator providing plug-and-play lab space, J&J scientific mentorship, and access to J&J's global innovation network within La Jolla's premier life science cluster","Incubator","Dilutive / equity","Subsidized lab space; J&J mentorship; access to scientific and business networks","2026-11-28","rolling","Rolling; next cycle when open","year round","Open to all / Research / academic / Regional / local","San Diego region","Healthcare / life sciences","Any stage","Research spinout","Moderate","Tier 3","","EdTech,LifeSci,Medtech,Tech
World-class no-equity incubator at the heart of San Diego's biotech cluster with direct access to J&J global networks","https://jnjinnovation.com/jlabs-locations/jlabs-la-jolla","Active",""
"J&J JLABS QuickFire Challenges","External program","Themed innovation competitions offering up to $250K in non-dilutive prize funding plus J&J mentorship and resources to early-stage companies addressing specific unmet medical needs","Competition","Dilutive / equity","Up to $250K per winner","2026-11-13","expected","Next open solicitation window","annual","Research / academic","National / U.S.","Healthcare / life sciences","Idea","Research spinout","Strong","Tier 2","","Periodic (multiple per year)
LifeSci,Tech
Prestigious no-equity pharma prize with direct J&J mentorship and potential path to broader JLABS partnership","https://jnjinnovation.com/innovation-challenges","Active","checked"
"Pfizer Centers for Therapeutic Innovation","External program","Collaborative research program partnering with leading academic medical centers to co-develop novel first-in-class therapeutics; provides multi-year research funding and a structured path to clinical development","Grant","Non-dilutive","Multi-year research funding; typically $1M–$5M+ per program","2026-11-13","rolling","By Invitation / Selective N/A","year round","Research / academic","National / U.S.","Healthcare / life sciences","Any stage","Research spinout","Strong","Tier 2","","By Invitation / Selective
LifeSci,Tech
Provides a structured pipeline from academic discovery to Pfizer-backed clinical development with full scientific and regulatory resources","https://www.pfizer.com/science/research-development/centers-for-therapeutic-innovation","Active","checked"
"Roche Innovation Fund","External program","Corporate venture fund making minority equity investments in early-stage companies developing novel therapeutics, diagnostics, and enabling technologies aligned with Roche's oncology, neuroscience, and rare disease priorities","Grant","Dilutive / equity","Typically $1M–$20M per investment","2026-11-28","rolling","Rolling; next cycle when open","year round","Open to all","International / global","Social impact","Idea","Social impact","Strong","Tier 2","","LifeSci,Tech
Access to Roche's global development and commercialization network alongside strategic capital from the world's largest diagnostics company","https://www.roche.com/partnering","Active","checked"
"Genentech Access to Molecules","External program","Program providing academic and early-stage biotech researchers access to Genentech's proprietary research molecules, tools, and assay expertise to accelerate scientific discovery and target validation","Grant","Non-dilutive","Access to proprietary Genentech research molecules and reagents","2026-11-28","rolling","Rolling; next cycle when open","year round","Research / academic","National / U.S.","Healthcare / life sciences","Idea","Research spinout","Strong","Tier 2","","LifeSci,Tech
Unique access to Genentech's proprietary molecule libraries can dramatically accelerate programs that would otherwise lack critical research reagents","https://www.gene.com/scientists/access-to-molecules","Active","checked"
"Novartis Biome","External program","Digital health innovation hub connecting external startups with Novartis teams to co-develop and validate digital solutions across therapeutic areas; offers access to clinical data and patient networks for pilots","Accelerator","Non-dilutive","Pilot project funding; access to Novartis clinical data and patient networks","2026-11-28","rolling","Rolling; next cycle when open","year round","General access","National / U.S.","Healthcare / life sciences","Prototype","Research spinout","Strong","Tier 2","","HealthTech,LifeSci,Tech
Direct access to Novartis patient datasets and clinical trial networks for real-world validation of digital health solutions","https://www.novartis.com/innovation/novartis-biome","Active","checked"
"Novartis Venture Fund","External program","One of the largest pharma-affiliated CVC funds globally investing in early-stage biotechnology companies pioneering novel medicines and platform technologies across Novartis therapeutic areas","Grant","Non-dilutive","$1M–$20M+ per company; fund size ~$500M+","2026-11-28","rolling","Rolling; next cycle when open","year round","Open to all","International / global","Healthcare / life sciences","Idea","Research spinout","Strong","Tier 2","","LifeSci,Tech
One of the most active pharma CVCs globally providing smart capital with access to Novartis clinical and regulatory expertise","https://www.nvf.novartis.com/","Active","checked"
"GSK Open Innovation and Startup Engagement","External program","Suite of innovation programs including open innovation partnerships, SR One CVC investments, and bioelectronics hub engagements connecting startups with GSK's R&D capabilities and commercial networks","Grant","Non-dilutive","Variable; SR One fund invests $5M–$30M per company","2026-11-28","rolling","Rolling; next cycle when open","year round","General access","National / U.S.","Healthcare / life sciences","Traction","Research spinout","Excellent","Tier 1","","HealthTech,LifeSci,Tech
Access to one of the world's largest pharma R&D organizations with expertise spanning vaccines, oncology, and specialty medicines","https://www.gsk.com/en-gb/innovation/","Active","checked"
"Merck Research Venture Fund","External program","Corporate venture arm making equity investments in early-stage companies developing innovative therapeutics and platform technologies complementary to Merck's oncology, vaccine, and cardiometabolic pipeline","Grant","Dilutive / equity","Typically $1M–$15M per investment","2026-11-28","rolling","Rolling; next cycle when open","year round","Research / academic","National / U.S.","Social impact","Idea","Research spinout","Strong","Tier 2","","LifeSci,Tech
Merck's Keytruda franchise provides portfolio companies with invaluable combination therapy insights and potential co-development pathways","https://www.merck.com/research/","Active","checked"
"Eli Lilly Open Innovation Drug Discovery","External program","Open innovation platform allowing external researchers to screen novel compounds against Lilly's biological assay network at no cost with minimal IP restrictions to identify potential drug candidates","Grant","Non-dilutive","Free compound screening; potential for follow-on research collaboration","2026-11-28","rolling","Rolling; next cycle when open","year round","Open to all / Research / academic","International / global","Healthcare / life sciences","Any stage","Research spinout","Strong","Tier 2","","LifeSci,Tech
One of the most accessible pharma open innovation programs globally enabling researchers to leverage Lilly's extensive biological assay portfolio","https://openinnovation.lilly.com/","Active","checked"
"Bristol Myers Squibb External Innovation","External program","Comprehensive external innovation and co-investment program including cell therapy incubation and CVC investment in next-generation immuno-oncology, hematology, and cardiovascular startups","Grant","Non-dilutive","Variable; typically $5M–$25M per investment","2026-11-28","rolling","Rolling; next cycle when open","year round","Open to all","International / global","All industries","Any stage","Early-stage team","Moderate","Tier 3","","LifeSci,Tech
BMS is the global leader in cell therapy
partnership provides unrivaled path to clinical validation and commercial scale-up","https://www.bms.com/researcher-and-partners/innovation-and-partnering.html","Active",""
"Sanofi Ventures","External program","Independent CVC arm managing ~$450M fund making global early-stage investments in biopharmaceutical and health technology companies aligned with Sanofi's immunology, oncology, rare disease, and neurology focus","Grant","Non-dilutive","$5M–$30M per investment; fund ~$450M","2026-11-28","rolling","Rolling; next cycle when open","year round","Open to all","International / global","Healthcare / life sciences","Idea","Research spinout","Moderate","Tier 3","","HealthTech,LifeSci,Tech
Operates with significant independence from Sanofi while maintaining strategic alignment enabling genuine co-development partnership opportunities","https://www.sanofiventures.com/","Active",""
"Sanofi iAwards Innovation Program","External program","Innovation recognition and acceleration program rewarding breakthrough scientific discoveries and entrepreneurial solutions across Sanofi's digital health and drug discovery priorities internally and with select external partners","Competition","Non-dilutive","Variable grant awards","2027-01-31","expected","Next annual cycle (2027)","annual","General access","National / U.S.","Healthcare / life sciences","Any stage","Research spinout","Moderate","Tier 3","","HealthTech,LifeSci,Tech
Pathway for external innovators engaged with Sanofi to receive formal recognition and seed funding for cross-functional projects","https://www.sanofi.com/en/innovation","Active",""
"Bayer G4A Digital Health Accelerator","External program","Multi-format digital health innovation program offering CoCreation partnerships and acceleration support for startups developing digital solutions in oncology, cardiovascular, and women's health across Bayer's therapeutic areas","Accelerator","Non-dilutive","Pilot funding up to €50K; Bayer mentorship and market access support","2027-01-31","expected","Next annual cycle (2027)","annual","General access","National / U.S.","Healthcare / life sciences","Any stage","Research spinout","Strong","Tier 2","","HealthTech,LifeSci,Tech,Womxn
One of Europe's longest-running pharma-backed digital health programs with direct path to Bayer market access and patient network","https://g4a.health/","Active","checked"
"Boehringer Ingelheim Venture Fund","External program","CVC fund with ~€400M committed investing in early-stage biotech companies developing novel therapeutic modalities including RNA therapeutics, cell therapies, targeted protein degradation, and microbiome innovations","Grant","Non-dilutive","€2M–€20M per investment; fund ~€400M","2026-11-28","rolling","Rolling; next cycle when open","year round","General access","National / U.S.","Healthcare / life sciences","Idea","Research spinout","Moderate","Tier 3","","LifeSci,Tech
One of Europe's leading pharma CVCs with deep immunology and respiratory expertise offering strategic value beyond capital","https://www.boehringer-ingelheim.com/research-development/venture-fund","Active",""
"Boehringer Ingelheim Innovation Office","External program","External open innovation unit facilitating research collaborations and scientific partnerships with academic institutions and startups to advance Boehringer's R&D pipeline through co-funded discovery projects","Grant","Non-dilutive","Collaborative research funding; access to BI facilities and scientific expertise","2026-11-28","rolling","Rolling; next cycle when open","year round","Research / academic","National / U.S.","All industries","Any stage","Research spinout","Moderate","Tier 3","","LifeSci,Tech
Structured pathway for academic and startup researchers to co-develop projects with Boehringer's world-class research infrastructure","https://www.boehringer-ingelheim.com/research-development/open-innovation","Active",""
"Takeda Ventures","External program","Wholly-owned CVC arm of Takeda with ~$300M fund investing in early-stage companies developing breakthrough therapies in oncology/hematology, GI/neuroscience, rare diseases, and plasma-derived therapies","Grant","Non-dilutive","$2M–$25M per investment; fund ~$300M","2026-11-28","rolling","Rolling; next cycle when open","year round","General access","National / U.S.","All industries","Idea","General startup support","Strong","Tier 2","","LifeSci,Tech
Strategic partner for companies targeting Takeda's core therapeutic areas with potential for co-development and licensing partnerships","https://www.takedaventures.com/","Active","checked"
"Astellas Venture Management","External program","CVC arm making strategic minority equity investments in early-stage companies developing transformative therapies in oncology, urology, immunology, transplantation, and other Astellas therapeutic priority areas","Grant","Dilutive / equity","Variable; typically $5M–$20M per investment","2026-11-28","rolling","Rolling; next cycle when open","year round","Open to all","International / global","Social impact","Idea","Social impact","Moderate","Tier 3","","LifeSci,Tech
Access to Astellas's global clinical development network and potential licensing or acquisition pathways for oncology and urology programs","https://www.astellas.com/en/innovation","Active",""
"Amgen Ventures","External program","Amgen's corporate venture arm making strategic equity investments in innovative early-stage biopharmaceutical companies with potential synergy to Amgen's priorities in cardiovascular, oncology, inflammation, and rare disease","Grant","Dilutive / equity","$5M–$30M+ per investment; fund ~$500M+","2026-11-28","rolling","Rolling; next cycle when open","year round","General access","National / U.S.","Healthcare / life sciences","Idea","Social impact","Moderate","Tier 3","","LifeSci,Tech
One of the most active biotech CVCs providing strategic capital with potential access to Amgen's world-class biologics manufacturing expertise","https://www.amgen.com/partnerships/amgen-ventures","Active",""
"Amgen Foundation Grants","External program","Philanthropic grant program supporting STEM education and science literacy globally; flagship programs include Amgen Biotech Experience and university research grants advancing scientific workforce development","Grant","Non-dilutive","$10K–$500K+ per grant; annual grantmaking ~$30M+","2026-11-28","rolling","Rolling; next cycle when open","annual","UCSD-affiliated / Open to all / Research / academic","UCSD only","Healthcare / life sciences","Any stage","Research spinout","Excellent","Tier 1","","Rolling / By invitation
EdTech,LifeSci,Tech
Leading pharma foundation with significant investment in science education infrastructure and next-generation life science talent development","https://www.amgen.com/responsibility/amgen-foundation","Active","checked"
"Gilead Sciences Research Collaboration Program","External program","External research partnership enabling academic and early-stage biotech researchers to collaborate with Gilead scientists on antiviral, inflammatory disease, and oncology programs with potential licensing arrangements","Grant","Non-dilutive","Research funding and resource access; terms vary by program","2026-11-28","rolling","Rolling; next cycle when open","year round","Open to all / Research / academic / Regional / local","San Diego region","Healthcare / life sciences","Idea","Research spinout","Strong","Tier 2","","LifeSci,Tech
Direct access to Gilead's unmatched antiviral expertise and global clinical network with San Diego-based collaboration opportunities","https://www.gilead.com/science-and-medicine/research/partnerships-and-collaborations","Active","checked"
"Gilead Giving Program","External program","Philanthropic grant and community investment program supporting HIV/AIDS treatment access, liver disease awareness, and oncology patient support through global nonprofit partnerships and community health organizations","Grant","Non-dilutive","$10K–$1M+ per grant","2026-11-28","rolling","Rolling; next cycle when open","annual","Open to all / Research / academic / Regional / local","International / global","Healthcare / life sciences","Any stage","Research spinout","Strong","Tier 2","","Rolling / Periodic
Artificial Intelligence,HealthTech
Largest pharma philanthropic program focused on HIV treatment access supporting both research programs and community health organizations","https://www.gilead.com/responsibility/gilead-giving","Active","checked"
"Regeneron Genetics Center Partnerships","External program","Research partnership providing academic medical centers and health systems access to Regeneron's large-scale genetic sequencing and analytics capabilities to discover novel disease-gene associations at population scale","Grant","Non-dilutive","Access to high-throughput sequencing services and genomic analytics (variable value)","2026-11-28","rolling","Rolling; next cycle when open","year round","Research / academic","National / U.S.","Healthcare / life sciences","Traction","Research spinout","Moderate","Tier 3","","By Invitation / Rolling
LifeSci,Tech
Access to Regeneron's massive genetics database and sequencing infrastructure enables high-powered genetic discovery studies at scale","https://www.regeneron.com/science/genetics-center","Active",""
"Biogen Innovation Incubator (BI3)","External program","Neuroscience-focused innovation incubator co-investing in external CNS-focused biotech startups while providing resident companies with lab space, scientific mentorship, and access to Biogen's neurological disease development expertise","Incubator","Non-cash support","Seed to Series A investment; subsidized CNS-focused lab space","2026-11-13","rolling","Selective / By Invitation N/A","year round","Research / academic","National / U.S.","Healthcare / life sciences","Any stage","Research spinout","Moderate","Tier 3","","Selective / By Invitation
LifeSci,Tech
Unique neuroscience-only incubator with direct access to the world's leading CNS drug company and its deep neurodegeneration expertise","https://www.biogen.com/innovation","Active",""
"Vertex Pharmaceuticals Innovation Program","External program","External partnership and CVC program identifying and advancing novel therapies for serious rare diseases through equity investments and co-development deals in gene editing, cell therapy, and small molecule programs","Grant","Dilutive / equity","Variable; typically $5M–$30M per investment","2026-11-28","rolling","Rolling; next cycle when open","year round","General access","National / U.S.","Healthcare / life sciences","Any stage","Social impact","Moderate","Tier 3","","LifeSci,Tech
Vertex's dominant rare disease commercial position makes partnership a direct path to a company with proven regulatory and commercialization track record","https://www.vrtx.com/partners","Active",""
"Illumina Ventures","External program","Independent venture capital fund led by Illumina focused on precision health and genomics investing; deploys capital in companies enabling broad genomics applications in oncology, reproductive health, and population genomics","Grant","Dilutive / equity","$1M–$30M per investment; multiple fund vehicles","2026-11-28","rolling","Rolling; next cycle when open","year round","Open to all","International / global","Healthcare / life sciences","Prototype","Research spinout","Strong","Tier 2","","LifeSci,Tech
Leader in genomics CVC investing with unparalleled market knowledge and direct access to Illumina's global customer network","https://www.illuminaventures.com/","Active","checked"
"10x Genomics Research Partnerships","External program","Research collaboration and early-access program providing academic and industry researchers access to 10x Genomics' spatial and single-cell genomics platforms for groundbreaking discovery and translational research","Grant","Non-dilutive","Early technology access and collaborative research support (variable value)","2026-11-28","rolling","Rolling; next cycle when open","year round","Research / academic","National / U.S.","All industries","Any stage","Research spinout","Strong","Tier 2","","LifeSci,Tech
Access to cutting-edge spatial transcriptomics tools transforming drug discovery and disease biology at the single-cell level","https://www.10xgenomics.com/partnerships","Active","checked"
"Medtronic LABS Innovation Accelerator","External program","Global health technology innovation program supporting early-stage companies developing affordable medical devices and digital health solutions for emerging markets and underserved populations worldwide","Accelerator","Non-dilutive","Variable program support; Medtronic engineering and clinical resources","2026-11-13","expected","Next open solicitation window","annual","Open to all / Research / academic","International / global","Healthcare / life sciences","Idea","Research spinout","Strong","Tier 2","","EdTech,HealthTech,LifeSci,Medtech,Social Enterprise,Tech
Bridge between cutting-edge medical device innovation and global health access backed by Medtronic's massive manufacturing and market reach","https://www.medtronic.com/en-us/about/foundation/medtronic-labs.html","Active","checked"
"Abbott Open Innovation","External program","External innovation and technology scouting program through which Abbott identifies and partners with startups developing novel diagnostics, connected devices, and digital health solutions across its CGM, cardiac, and point-of-care platforms","Grant","Non-dilutive","Partnership terms vary; potential for licensing deals or strategic acquisition","2026-11-28","rolling","Rolling; next cycle when open","year round","General access","National / U.S.","Healthcare / life sciences","Any stage","Research spinout","Strong","Tier 2","","EdTech,HealthTech,LifeSci,Medtech,Tech,Wearable
Abbott's leadership in CGM and cardiac diagnostics creates unique partnership value for startups in connected and wearable health technologies","https://www.abbott.com/innovation.html","Active","checked"
"BD (Becton Dickinson) Open Innovation","External program","Technology scouting and external partnering program enabling startups to propose novel medical technology solutions in diagnostics, drug delivery, medication management, and life science research tools","Grant","Non-dilutive","Partnership and licensing terms vary","2026-11-28","rolling","Rolling; next cycle when open","year round","Open to all / Research / academic","International / global","Healthcare / life sciences","Any stage","Research spinout","Strong","Tier 2","","EdTech,HealthTech,LifeSci,Medtech,Tech
BD's global commercial presence in hospitals and clinical labs makes partnership exceptionally valuable for companies targeting clinical diagnostics markets","https://www.bd.com/en-us/innovation","Active","checked"
"Danaher Ventures","External program","Corporate venture arm investing in early-stage life science tools, diagnostics, and environmental technology companies aligned with Danaher's operating company platforms including Beckman, Cepheid, Cytiva, and Pall","Grant","Non-dilutive","Variable; typically $2M–$15M per investment","2026-11-28","rolling","Rolling; next cycle when open","year round","General access","National / U.S.","Healthcare / life sciences","Idea","Research spinout","Strong","Tier 2","","HealthTech,LifeSci,Tech
Danaher's portfolio of 20+ life science companies creates unique synergy and potential acquisition routes for tools and diagnostics startups","https://www.danaher.com/innovation","Active","checked"
"Thermo Fisher Scientific Startup Program","External program","Dedicated startup engagement program providing early-stage life science companies with preferred pricing on instruments and consumables, technical support, and potential co-development collaborations with Thermo Fisher business units","Grant","Non-dilutive","Up to 30–40% discounts on instruments and consumables; technical collaboration support","2026-11-28","rolling","Rolling; next cycle when open","year round","Research / academic","National / U.S.","Healthcare / life sciences","Idea","Research spinout","Strong","Tier 2","","LifeSci,Tech
Critical for cost-effective lab buildout
Thermo Fisher's comprehensive catalog covers virtually all life science research needs","https://www.thermofisher.com/us/en/home/life-science/startups.html","Active","checked"
"Agilent Technologies Startup Program","External program","Partnership program for early-stage life science and analytical chemistry companies offering preferred access to Agilent instruments, applications support, and potential co-development collaborations in genomics and cell biology","Grant","Non-dilutive","Preferred instrument pricing and applications support","2026-11-28","rolling","Rolling; next cycle when open","year round","Research / academic","National / U.S.","Healthcare / life sciences","Idea","Research spinout","Strong","Tier 2","","LifeSci,Tech
Agilent's leadership in LC-MS, genomics instruments, and cell analysis tools is especially valuable for omics and analytical chemistry startups","https://www.agilent.com/en/partnerships","Active","checked"
"Oxford Nanopore Technologies Innovation Program","External program","Research and commercial partnership program providing academic and industry partners early access to ONT's long-read nanopore sequencing technology for novel applications in clinical genomics, infectious disease, and epigenomics","Grant","Non-dilutive","Early technology access; collaborative research and applications development support","2026-11-28","rolling","Rolling; next cycle when open","year round","Research / academic","National / U.S.","All industries","Traction","Research spinout","Excellent","Tier 1","","LifeSci,Tech
Long-read sequencing is revolutionizing genomics and clinical diagnostics
early access partnerships yield unique IP and competitive differentiation","https://nanoporetech.com/about-us/partnerships","Active","checked"
"Google Health / Verily Life Sciences Innovation","External program","Alphabet's health innovation ecosystem including Verily Life Sciences and Google Health AI investing in and partnering with startups developing AI/ML-driven healthcare solutions, clinical decision support, and precision medicine tools","Grant","Non-dilutive","$5M–$50M+ per investment","2026-11-28","rolling","Rolling; next cycle when open","year round","General access","National / U.S.","Healthcare / life sciences","Any stage","Research spinout","Strong","Tier 2","","Artificial Intelligence,HealthTech,LifeSci,Tech
Google's AI infrastructure and data capabilities provide unique advantages for health AI companies seeking to scale in clinical and consumer markets","https://health.google/","Active","checked"
"Microsoft Health + Life Sciences Innovation","External program","Comprehensive health innovation initiative providing Azure AI platform access, cloud credits, and co-selling partnerships for startups developing healthcare AI, clinical analytics, and health data infrastructure solutions","Grant","Non-dilutive","Azure cloud credits up to $150K; co-selling and go-to-market opportunities","2026-11-28","rolling","Rolling; next cycle when open","year round","General access","National / U.S.","Healthcare / life sciences","Any stage","Research spinout","Strong","Tier 2","","Artificial Intelligence,HealthTech,LifeSci,Tech
Azure's healthcare cloud leadership and Microsoft's enterprise sales network provide immediate market access for health tech startups","https://www.microsoft.com/en-us/industry/health/partners","Active","checked"
"AWS Healthcare & Life Sciences Startup Program","External program","Dedicated startup support program providing cloud credits, technical architecture guidance, and go-to-market resources for healthcare and life science companies building HIPAA-compliant infrastructure on AWS","Grant","Non-dilutive","AWS Activate credits up to $100K+ for qualifying startups; architectural and business support","2026-11-28","rolling","Rolling; next cycle when open","year round","General access","National / U.S.","Healthcare / life sciences","Any stage","Research spinout","Excellent","Tier 1","","HealthTech,LifeSci,Tech
AWS dominates healthcare cloud infrastructure
startup credits reduce infrastructure costs for biotech computational and digital health platforms","https://aws.amazon.com/health/","Active","checked"
"Alexandria LaunchLabs / GradLabs","External program","No-equity life science incubator and accelerator platform providing early-stage companies with plug-and-play laboratory space embedded in Alexandria's premier life science clusters in San Diego and other major hubs","Accelerator","Dilutive / equity","Below-market lab space; access to Alexandria innovation ecosystem and network","2026-11-28","rolling","Rolling; next cycle when open","year round","Research / academic / Regional / local","San Diego region","Healthcare / life sciences","Idea","Research spinout","Strong","Tier 2","","LifeSci,Tech
Alexandria is the dominant life science real estate company
LaunchLabs positions startups at the center of the most important US biotech clusters","https://www.alexandrialaunchlabs.com/","Active","checked"
"Novo Nordisk Foundation Research Grants","External program","One of the world's largest biomedical research foundations providing substantial grants for basic and applied research in metabolic diseases, cardiovascular science, neuroscience, and sustainable development globally","Grant","Non-dilutive","DKK 1M–200M+ per grant; total annual grantmaking ~DKK 7 billion","2026-11-28","rolling","Rolling; next cycle when open","annual","Open to all / Research / academic","International / global","Healthcare / life sciences","Any stage","Research spinout","Moderate","Tier 3","","Rolling / Periodic by grant type
LifeSci,Tech
One of the world's largest life science research foundations providing substantial non-dilutive capital for high-impact translational and basic research","https://novonordiskfonden.dk/en/grants/","Active",""
"Lundbeck Foundation Grants","External program","Danish biomedical foundation providing research grants for brain and neuroscience research including the BrainDrugs initiative and Lundbeck Foundation Fellowships supporting translational neuroscience globally","Grant","Non-dilutive","DKK 500K–50M+ per grant; fellowships up to DKK 12M","2027-01-31","expected","Next annual cycle (2027)","annual","Open to all / Research / academic","International / global","Healthcare / life sciences","Any stage","Research spinout","Moderate","Tier 3","","LifeSci,Tech
Largest dedicated neuroscience research foundation globally supporting both fundamental and translational brain research with major grant sizes","https://lundbeckfonden.com/en/grants","Active",""
"BioMed X Innovation Center","External program","Open innovation research institution co-located at universities partnering with global pharma companies to fund resident scientist teams pursuing high-risk early-stage drug discovery research in underexplored biological areas","Incubator","Non-cash support","€500K–€2M+ per resident research team; full lab space at Heidelberg campus","2026-11-13","expected","Next open solicitation window","annual","Open to all / Research / academic","International / global","Healthcare / life sciences","Idea","Research spinout","Strong","Tier 2","","Periodic (verify current open calls)
LifeSci,Tech
Unique pharma-backed model providing full research funding and infrastructure for high-risk drug discovery with direct pharma-partner co-development pathway","https://biomederx.com/","Active","checked"
"QB3 Biotech Incubators","External program","UC-affiliated network of biotech incubators including Bakar Bio Labs at UC Berkeley providing subsidized lab space, mentorship, and translational resources to life science startups founded by UC-affiliated researchers and faculty","Incubator","Non-cash support","Subsidized lab space; UC research resources and translational networks; shared equipment","2026-11-28","rolling","Rolling; next cycle when open","year round","UCSD-affiliated / Research / academic","UCSD only","Healthcare / life sciences","Any stage","Research spinout","Moderate","Tier 3","","LifeSci,Tech
Direct pipeline from UC's world-class research universities to commercial biotech with no equity taken and deep campus and investor integration","https://qb3.org/","Active",""
"PacBio Innovation and Research Partnerships","External program","Research collaboration and early-access program providing academic and industry partners access to PacBio's high-accuracy HiFi long-read sequencing for novel genomics applications in clinical genomics and therapeutic target discovery","Grant","Non-dilutive","Early technology access; collaborative research and development support (variable value)","2026-11-28","rolling","Rolling; next cycle when open","year round","Research / academic","National / U.S.","All industries","Any stage","Research spinout","Strong","Tier 2","","LifeSci,Tech
PacBio's HiFi sequencing is critical for complex genomic loci
early partnerships can yield unique IP for clinical diagnostics and therapeutic target programs","https://www.pacb.com/","Active","checked"
"Nature Awards Spinoff Prize","External program","Opportunity for university spinoffs to participate in pitch competition where the winner receives €30,000. The pitch competition will be held at the  Curious2027 – Future Insight™ conference in Heidelberg, Germany.","Grant","Non-dilutive","€30K","2026-10-07","confirmed","Jul 1, 2026 Oct 7, 2026","unknown","UCSD-affiliated / Research / academic","UCSD only","Healthcare / life sciences","Any stage","General startup support","Strong","Tier 2","","LifeSci,Tech","https://www.nature.com/immersive/spinoffprize/index.html","Active","checked"
"E-Team Program — Pioneer / Propel","External program","Student-led teams building science- or engineering-based innovations can apply for non-dilutive grant funding and commercialization support.","Accelerator","Non-dilutive","$5K Pioneer / $20K Propel (up to $25K total)","2026-09-29","confirmed","46294","annual","UCSD-affiliated / Student-only","UCSD only","Engineering / technology","Traction","Software / digital","Excellent","Tier 1","","Student-led team of at least 2 active, enrolled students at a U.S.-based college or university
Engineering / Technology
Added from Student Founder HQ database and checked against the official page","https://venturewell.org/e-team-program/","Open","checked"
"New Venture Competition","External program","Baylor’s annual startup competition gives student ventures a chance to win cash prizes and support resources.","Competition","Non-dilutive","$200K+ in cash prizes/resources; $50K 1st, $25K 2nd, $10K 3rd","2026-10-01","confirmed","46296","annual","Student-only / Open to all","National / U.S.","All industries","Any stage","Networking / support","Excellent","Tier 1","","Open to collegiate teams from accredited nonprofit universities worldwide
All industries
Added from Student Founder HQ
official page checked for accuracy","https://hankamer.baylor.edu/baugh-center/new-venture","Open","checked"
"America’s Startup","External program","A national undergraduate startup competition that rewards early-stage founders with cash prizes and visibility.","Competition","Non-dilutive","$25K for each finalist; up to $50K for grand-prize winners","2026-10-08","confirmed","46303","annual","UCSD-affiliated / Student-only","UCSD only","Software / AI","Idea","General startup support","Excellent","Tier 1","","Open to current undergraduate students at accredited U.S
colleges and trade schools
All industries
Added from Student Founder HQ database","https://america250.org/americas-startup/","Open","checked"
"iLaunch Competition","External program","A startup pitch competition that awards cash prizes to promising early-stage ventures.","Competition","Non-dilutive","$17.5K total ($10K 1st, $5K 2nd, $2.5K 3rd)","2026-10-15","confirmed","46310","annual","Student-only","National / U.S.","All industries","Idea","General startup support","Excellent","Tier 1","","Open to adults 18+
Texas Tech affiliation is not required
All industries
Added from Student Founder HQ
official page checked","https://www.depts.ttu.edu/research/research-park/Startup_Program_and_Events/Ideation/iLaunch/index.php","Open","checked"
"CEO Global Pitch Competition","External program","An annual pitch competition for student entrepreneurs where active CEO members compete for cash awards.","Competition","Non-dilutive","$20K total ($8K 1st, $6K 2nd, $4K 3rd, $2K 4th)","2026-10-18","confirmed","46313","annual","Student-only / Open to all","International / global","All industries","Any stage","General startup support","Strong","Tier 2","","Must be an active CEO member and currently enrolled undergraduate or graduate student
All industries
Added from Student Founder HQ list and matched to the official CEO event page","https://www.joinceo.org/events/globalconference#pitchcompetition","Open","checked"
"TigerLaunch","External program","Princeton’s student startup pitch event offers a significant non-dilutive prize pool for early-stage founders.","Competition","Non-dilutive","$60K equity-free prize pool ($30K / $20K / $10K)","2026-10-25","confirmed","46320","annual","Student-only","National / U.S.","All industries","Idea","General startup support","Excellent","Tier 1","","Current undergraduate or graduate student founder
All industries
Added from Student Founder HQ
official site validated","https://tigerlaunch.com/","Open","checked"
"Y Combinator — Winter 2027","External program","A global startup accelerator that accepts companies across industries, with a standard YC investment structure.","Investment","Dilutive / equity","$500K standard YC investment","2026-11-02","confirmed","46328","annual","Student-only / Open to all","International / global","Software / AI","Any stage","Early-stage team","Moderate","Tier 3","","Open globally to startups in essentially any industry
All industries
Added from Student Founder HQ list
included because it is listed in the site database even though it is not non-dilutive","https://www.ycombinator.com/apply","Open",""
"Xcelerate Startup Competition","External program","A healthtech pitch competition that awards equity-free cash prizes to startup teams with healthcare-focused innovation.","Competition","Non-dilutive","$30K total equity-free cash prizes ($15K / $10K / $5K)","2026-11-04","confirmed","46330","annual","Student-only","National / U.S.","Healthcare / life sciences","Prototype","Research spinout","Strong","Tier 2","","Healthcare or health-adjacent startup with a working product or solution
Healthcare / Life Sciences
Added from Student Founder HQ database
official URL checked","https://www.worldhealthexpo.com/events/healthcare/tech/whats-on/features/xcelerate-your-startup-pitch-competition/","Open","checked"
"Duquesne New Venture Challenge (DNVC)","External program","A startup and business plan challenge that awards cash prizes and venture-stage support to early-stage ventures.","Competition","Non-dilutive","$125,000+ total cash and prizes","2026-11-15","confirmed","46341","annual","Student-only","National / U.S.","Software / AI","Idea","Networking / support","Moderate","Tier 3","","Open to applicants across the continental U.S
no Duquesne affiliation required for early stages
All industries
Added from Student Founder HQ database and checked against the official Duquesne competition page","https://www.duq.edu/academics/colleges-and-schools/business/events-and-competitions/new-venture-challenge.php","Open",""
"Entrepreneurship World Cup","External program","A global startup competition that advances founders with equity-free cash prizes and a global pitch stage.","Competition","Non-dilutive","$1M total equity-free cash prizes","2027-05-31","confirmed","46538","annual","Student-only / Open to all","International / global","Social impact","Any stage","Social impact","Moderate","Tier 3","","Open globally to founders age 18+ and eligible legal entities
All industries
Added from Student Founder HQ database","https://entrepreneurshipworldcup.com/","Open",""
"Dorm Room Fund — Apply for Funding","External program","A student-focused venture fund that invests in early-stage startups with one or more student founding team members.","Investment","Dilutive / equity","$90K–$250K investment","2026-11-28","rolling","Rolling (TBD)","rolling","Student-only","National / U.S.","Engineering / technology","Idea","Software / digital","Strong","Tier 2","","At least one founding team member should be currently enrolled or recently graduated
Engineering / Technology
Added from Student Founder HQ list
included to reflect the current list even though it is not non-dilutive","https://www.dormroomfund.com/","Open","checked"
"GSEA — Global Student Entrepreneur Awards","External program","A global student entrepreneur competition awarding cash prizes and recognition to promising student founders.","Competition","Non-dilutive","$100K global cash prize pool; $50K / $25K / $15K top 3","2026-11-28","expected","Varies (TBD)","varies","Student-only / Open to all","International / global","Software / AI","Any stage","General startup support","Strong","Tier 2","","Undergraduate or graduate student founder with a controlling role in the business
All industries
Added from Student Founder HQ database","https://eonetwork.org/gsea/apply/","Open","checked"
"Startup Runway","External program","A startup showcase and pitch platform that connects early-stage founders with non-dilutive grant opportunities and network support.","Competition","Non-dilutive","Prize amount varies by showcase; recent programs have offered $10K non-dilutive grants","2026-11-28","rolling","Rolling (TBD)","rolling","Student-only / Research / academic","National / U.S.","Software / AI","Idea","Software / digital","Excellent","Tier 1","","Early-stage startup with a scalable business model
All industries
Added from Student Founder HQ database and checked against the official Startup Runway page","https://startuprunway.org/apply-for-startup-runway-today/","Open","checked"